{
  "task1": {
    "target_diff__vs__nontarget_diff_eer": 4.0061,
    "target_diff__vs__nontarget_diff_mindcf": 0.245,
    "target_diff__vs__nontarget_diff_n_target": 1500000,
    "target_diff__vs__nontarget_diff_n_nontarget": 500000,
    "target_diff__vs__nontarget_same_eer": 4.5428,
    "target_diff__vs__nontarget_same_mindcf": 0.2934,
    "target_diff__vs__nontarget_same_n_target": 1500000,
    "target_diff__vs__nontarget_same_n_nontarget": 1500000,
    "target_same__vs__nontarget_diff_eer": 3.5238,
    "target_same__vs__nontarget_diff_mindcf": 0.2421,
    "target_same__vs__nontarget_diff_n_target": 500000,
    "target_same__vs__nontarget_diff_n_nontarget": 500000,
    "target_same__vs__nontarget_same_eer": 4.0514,
    "target_same__vs__nontarget_same_mindcf": 0.2946,
    "target_same__vs__nontarget_same_n_target": 500000,
    "target_same__vs__nontarget_same_n_nontarget": 1500000,
    "overall_eer": 4.2906,
    "overall_mindcf": 0.2849
  },
  "task2": {
    "target_diff__vs__nontarget_diff_eer": 5.8027,
    "target_diff__vs__nontarget_diff_mindcf": 0.358,
    "target_diff__vs__nontarget_diff_n_target": 490000,
    "target_diff__vs__nontarget_diff_n_nontarget": 150000,
    "target_diff__vs__nontarget_same_eer": 5.8332,
    "target_diff__vs__nontarget_same_mindcf": 0.3195,
    "target_diff__vs__nontarget_same_n_target": 490000,
    "target_diff__vs__nontarget_same_n_nontarget": 490000,
    "target_same__vs__nontarget_diff_eer": 5.774,
    "target_same__vs__nontarget_diff_mindcf": 0.3661,
    "target_same__vs__nontarget_diff_n_target": 150000,
    "target_same__vs__nontarget_diff_n_nontarget": 150000,
    "target_same__vs__nontarget_same_eer": 5.8053,
    "target_same__vs__nontarget_same_mindcf": 0.3216,
    "target_same__vs__nontarget_same_n_target": 150000,
    "target_same__vs__nontarget_same_n_nontarget": 490000,
    "overall_eer": 5.8194,
    "overall_mindcf": 0.3318
  }
}