Subcategory,Task1 Pairs,Task2 Pairs
"Target, Same Language",500000,150000
"Target, Different Languages",1500000,490000
"Nontarget, Same Language",1500000,490000
"Nontarget, Different Languages",500000,150000

Condition,Task1 EER(%),Task1 minDCF,Task2 EER(%),Task2 minDCF
Target: Diff Lang vs Non-target: Diff Lang,4.01,0.2450,5.80,0.3580
Target: Diff Lang vs Non-target: Same Lang,4.54,0.2934,5.83,0.3195
Target: Same Lang vs Non-target: Diff Lang,3.52,0.2421,5.77,0.3661
Target: Same Lang vs Non-target: Same Lang,4.05,0.2946,5.81,0.3216
Overall (All Targets vs All Non-targets),4.29,0.2849,5.82,0.3318
