Subcategory,Task1 Pairs,Task2 Pairs
"Target, Same Language",500000,150000
"Target, Different Languages",1500000,490000
"Nontarget, Same Language",1500000,490000
"Nontarget, Different Languages",500000,150000

Condition,Task1 EER(%),Task1 minDCF,Task2 EER(%),Task2 minDCF
Target: Diff Lang vs Non-target: Diff Lang,5.33,0.3851,6.40,0.3875
Target: Diff Lang vs Non-target: Same Lang,7.91,0.5589,10.65,0.5328
Target: Same Lang vs Non-target: Diff Lang,4.20,0.3442,6.11,0.3941
Target: Same Lang vs Non-target: Same Lang,6.57,0.5124,10.43,0.5571
Overall (All Targets vs All Non-targets),7.02,0.5243,9.84,0.5250
