{
  "task1": {
    "target_diff__vs__nontarget_diff_eer": 5.3254,
    "target_diff__vs__nontarget_diff_mindcf": 0.3851,
    "target_diff__vs__nontarget_diff_n_target": 1500000,
    "target_diff__vs__nontarget_diff_n_nontarget": 500000,
    "target_diff__vs__nontarget_same_eer": 7.9087,
    "target_diff__vs__nontarget_same_mindcf": 0.5589,
    "target_diff__vs__nontarget_same_n_target": 1500000,
    "target_diff__vs__nontarget_same_n_nontarget": 1500000,
    "target_same__vs__nontarget_diff_eer": 4.2035,
    "target_same__vs__nontarget_diff_mindcf": 0.3442,
    "target_same__vs__nontarget_diff_n_target": 500000,
    "target_same__vs__nontarget_diff_n_nontarget": 500000,
    "target_same__vs__nontarget_same_eer": 6.5655,
    "target_same__vs__nontarget_same_mindcf": 0.5124,
    "target_same__vs__nontarget_same_n_target": 500000,
    "target_same__vs__nontarget_same_n_nontarget": 1500000,
    "overall_eer": 7.0153,
    "overall_mindcf": 0.5243
  },
  "task2": {
    "target_diff__vs__nontarget_diff_eer": 6.4022,
    "target_diff__vs__nontarget_diff_mindcf": 0.3875,
    "target_diff__vs__nontarget_diff_n_target": 490000,
    "target_diff__vs__nontarget_diff_n_nontarget": 150000,
    "target_diff__vs__nontarget_same_eer": 10.6506,
    "target_diff__vs__nontarget_same_mindcf": 0.5328,
    "target_diff__vs__nontarget_same_n_target": 490000,
    "target_diff__vs__nontarget_same_n_nontarget": 490000,
    "target_same__vs__nontarget_diff_eer": 6.11,
    "target_same__vs__nontarget_diff_mindcf": 0.3941,
    "target_same__vs__nontarget_diff_n_target": 150000,
    "target_same__vs__nontarget_diff_n_nontarget": 150000,
    "target_same__vs__nontarget_same_eer": 10.434,
    "target_same__vs__nontarget_same_mindcf": 0.5571,
    "target_same__vs__nontarget_same_n_target": 150000,
    "target_same__vs__nontarget_same_n_nontarget": 490000,
    "overall_eer": 9.8437,
    "overall_mindcf": 0.525
  }
}