{
  "task1": {
    "target_diff__vs__nontarget_diff_eer": 6.6306,
    "target_diff__vs__nontarget_diff_mindcf": 0.4436,
    "target_diff__vs__nontarget_diff_n_target": 1500000,
    "target_diff__vs__nontarget_diff_n_nontarget": 500000,
    "target_diff__vs__nontarget_same_eer": 10.0751,
    "target_diff__vs__nontarget_same_mindcf": 0.699,
    "target_diff__vs__nontarget_same_n_target": 1500000,
    "target_diff__vs__nontarget_same_n_nontarget": 1500000,
    "target_same__vs__nontarget_diff_eer": 5.7719,
    "target_same__vs__nontarget_diff_mindcf": 0.3986,
    "target_same__vs__nontarget_diff_n_target": 500000,
    "target_same__vs__nontarget_diff_n_nontarget": 500000,
    "target_same__vs__nontarget_same_eer": 8.9779,
    "target_same__vs__nontarget_same_mindcf": 0.6392,
    "target_same__vs__nontarget_same_n_target": 500000,
    "target_same__vs__nontarget_same_n_nontarget": 1500000,
    "overall_eer": 9.058,
    "overall_mindcf": 0.6576
  },
  "task2": {
    "target_diff__vs__nontarget_diff_eer": 7.8204,
    "target_diff__vs__nontarget_diff_mindcf": 0.4863,
    "target_diff__vs__nontarget_diff_n_target": 490000,
    "target_diff__vs__nontarget_diff_n_nontarget": 150000,
    "target_diff__vs__nontarget_same_eer": 12.4014,
    "target_diff__vs__nontarget_same_mindcf": 0.6331,
    "target_diff__vs__nontarget_same_n_target": 490000,
    "target_diff__vs__nontarget_same_n_nontarget": 490000,
    "target_same__vs__nontarget_diff_eer": 8.2507,
    "target_same__vs__nontarget_diff_mindcf": 0.4434,
    "target_same__vs__nontarget_diff_n_target": 150000,
    "target_same__vs__nontarget_diff_n_nontarget": 150000,
    "target_same__vs__nontarget_same_eer": 12.5798,
    "target_same__vs__nontarget_same_mindcf": 0.6013,
    "target_same__vs__nontarget_same_n_target": 150000,
    "target_same__vs__nontarget_same_n_nontarget": 490000,
    "overall_eer": 11.5959,
    "overall_mindcf": 0.6071
  }
}