Subcategory,Task1 Pairs,Task2 Pairs
"Target, Same Language",500000,150000
"Target, Different Languages",1500000,490000
"Nontarget, Same Language",1500000,490000
"Nontarget, Different Languages",500000,150000

Condition,Task1 EER(%),Task1 minDCF,Task2 EER(%),Task2 minDCF
Target: Diff Lang vs Non-target: Diff Lang,6.63,0.4436,7.82,0.4863
Target: Diff Lang vs Non-target: Same Lang,10.08,0.6990,12.40,0.6331
Target: Same Lang vs Non-target: Diff Lang,5.77,0.3986,8.25,0.4434
Target: Same Lang vs Non-target: Same Lang,8.98,0.6392,12.58,0.6013
Overall (All Targets vs All Non-targets),9.06,0.6576,11.60,0.6071
