Subcategory,Task1 Pairs,Task2 Pairs
"Target, Same Language",500000,150000
"Target, Different Languages",1500000,490000
"Nontarget, Same Language",1500000,490000
"Nontarget, Different Languages",500000,150000

Condition,Task1 EER(%),Task1 minDCF,Task2 EER(%),Task2 minDCF
Target: Diff Lang vs Non-target: Diff Lang,4.11,0.3277,3.81,0.2957
Target: Diff Lang vs Non-target: Same Lang,6.15,0.4693,8.43,0.4371
Target: Same Lang vs Non-target: Diff Lang,3.39,0.2793,2.86,0.2437
Target: Same Lang vs Non-target: Same Lang,5.18,0.4080,6.53,0.4153
Overall (All Targets vs All Non-targets),5.49,0.4340,7.24,0.4209
