{
  "task1": {
    "target_diff__vs__nontarget_diff_eer": 4.1097,
    "target_diff__vs__nontarget_diff_mindcf": 0.3277,
    "target_diff__vs__nontarget_diff_n_target": 1500000,
    "target_diff__vs__nontarget_diff_n_nontarget": 500000,
    "target_diff__vs__nontarget_same_eer": 6.153,
    "target_diff__vs__nontarget_same_mindcf": 0.4693,
    "target_diff__vs__nontarget_same_n_target": 1500000,
    "target_diff__vs__nontarget_same_n_nontarget": 1500000,
    "target_same__vs__nontarget_diff_eer": 3.3852,
    "target_same__vs__nontarget_diff_mindcf": 0.2793,
    "target_same__vs__nontarget_diff_n_target": 500000,
    "target_same__vs__nontarget_diff_n_nontarget": 500000,
    "target_same__vs__nontarget_same_eer": 5.1827,
    "target_same__vs__nontarget_same_mindcf": 0.408,
    "target_same__vs__nontarget_same_n_target": 500000,
    "target_same__vs__nontarget_same_n_nontarget": 1500000,
    "overall_eer": 5.4903,
    "overall_mindcf": 0.434
  },
  "task2": {
    "target_diff__vs__nontarget_diff_eer": 3.811,
    "target_diff__vs__nontarget_diff_mindcf": 0.2957,
    "target_diff__vs__nontarget_diff_n_target": 490000,
    "target_diff__vs__nontarget_diff_n_nontarget": 150000,
    "target_diff__vs__nontarget_same_eer": 8.4287,
    "target_diff__vs__nontarget_same_mindcf": 0.4371,
    "target_diff__vs__nontarget_same_n_target": 490000,
    "target_diff__vs__nontarget_same_n_nontarget": 490000,
    "target_same__vs__nontarget_diff_eer": 2.8582,
    "target_same__vs__nontarget_diff_mindcf": 0.2437,
    "target_same__vs__nontarget_diff_n_target": 150000,
    "target_same__vs__nontarget_diff_n_nontarget": 150000,
    "target_same__vs__nontarget_same_eer": 6.5327,
    "target_same__vs__nontarget_same_mindcf": 0.4153,
    "target_same__vs__nontarget_same_n_target": 150000,
    "target_same__vs__nontarget_same_n_nontarget": 490000,
    "overall_eer": 7.2394,
    "overall_mindcf": 0.4209
  }
}