Subcategory,Task1 Pairs,Task2 Pairs
"Target, Same Language",500000,150000
"Target, Different Languages",1500000,490000
"Nontarget, Same Language",1500000,490000
"Nontarget, Different Languages",500000,150000

Condition,Task1 EER(%),Task1 minDCF,Task2 EER(%),Task2 minDCF
Target: Diff Lang vs Non-target: Diff Lang,5.18,0.3164,5.83,0.4132
Target: Diff Lang vs Non-target: Same Lang,6.36,0.4036,9.35,0.5568
Target: Same Lang vs Non-target: Diff Lang,4.63,0.3007,6.80,0.4009
Target: Same Lang vs Non-target: Same Lang,5.78,0.3851,10.23,0.5616
Overall (All Targets vs All Non-targets),5.94,0.3843,8.84,0.5445
