{
  "task1": {
    "target_diff__vs__nontarget_diff_eer": 5.1837,
    "target_diff__vs__nontarget_diff_mindcf": 0.3164,
    "target_diff__vs__nontarget_diff_n_target": 1500000,
    "target_diff__vs__nontarget_diff_n_nontarget": 500000,
    "target_diff__vs__nontarget_same_eer": 6.3582,
    "target_diff__vs__nontarget_same_mindcf": 0.4036,
    "target_diff__vs__nontarget_same_n_target": 1500000,
    "target_diff__vs__nontarget_same_n_nontarget": 1500000,
    "target_same__vs__nontarget_diff_eer": 4.6322,
    "target_same__vs__nontarget_diff_mindcf": 0.3007,
    "target_same__vs__nontarget_diff_n_target": 500000,
    "target_same__vs__nontarget_diff_n_nontarget": 500000,
    "target_same__vs__nontarget_same_eer": 5.7772,
    "target_same__vs__nontarget_same_mindcf": 0.3851,
    "target_same__vs__nontarget_same_n_target": 500000,
    "target_same__vs__nontarget_same_n_nontarget": 1500000,
    "overall_eer": 5.9363,
    "overall_mindcf": 0.3843
  },
  "task2": {
    "target_diff__vs__nontarget_diff_eer": 5.8341,
    "target_diff__vs__nontarget_diff_mindcf": 0.4132,
    "target_diff__vs__nontarget_diff_n_target": 490000,
    "target_diff__vs__nontarget_diff_n_nontarget": 150000,
    "target_diff__vs__nontarget_same_eer": 9.3526,
    "target_diff__vs__nontarget_same_mindcf": 0.5568,
    "target_diff__vs__nontarget_same_n_target": 490000,
    "target_diff__vs__nontarget_same_n_nontarget": 490000,
    "target_same__vs__nontarget_diff_eer": 6.798,
    "target_same__vs__nontarget_diff_mindcf": 0.4009,
    "target_same__vs__nontarget_diff_n_target": 150000,
    "target_same__vs__nontarget_diff_n_nontarget": 150000,
    "target_same__vs__nontarget_same_eer": 10.2335,
    "target_same__vs__nontarget_same_mindcf": 0.5616,
    "target_same__vs__nontarget_same_n_target": 150000,
    "target_same__vs__nontarget_same_n_nontarget": 490000,
    "overall_eer": 8.8361,
    "overall_mindcf": 0.5445
  }
}