{
  "task1": {
    "target_diff__vs__nontarget_diff_eer": 2.2901,
    "target_diff__vs__nontarget_diff_mindcf": 0.1561,
    "target_diff__vs__nontarget_diff_n_target": 1500000,
    "target_diff__vs__nontarget_diff_n_nontarget": 500000,
    "target_diff__vs__nontarget_same_eer": 2.6762,
    "target_diff__vs__nontarget_same_mindcf": 0.1977,
    "target_diff__vs__nontarget_same_n_target": 1500000,
    "target_diff__vs__nontarget_same_n_nontarget": 1500000,
    "target_same__vs__nontarget_diff_eer": 2.086,
    "target_same__vs__nontarget_diff_mindcf": 0.1544,
    "target_same__vs__nontarget_diff_n_target": 500000,
    "target_same__vs__nontarget_diff_n_nontarget": 500000,
    "target_same__vs__nontarget_same_eer": 2.4733,
    "target_same__vs__nontarget_same_mindcf": 0.1983,
    "target_same__vs__nontarget_same_n_target": 500000,
    "target_same__vs__nontarget_same_n_nontarget": 1500000,
    "overall_eer": 2.5326,
    "overall_mindcf": 0.1901
  },
  "task2": {
    "target_diff__vs__nontarget_diff_eer": 2.205,
    "target_diff__vs__nontarget_diff_mindcf": 0.145,
    "target_diff__vs__nontarget_diff_n_target": 490000,
    "target_diff__vs__nontarget_diff_n_nontarget": 150000,
    "target_diff__vs__nontarget_same_eer": 3.6178,
    "target_diff__vs__nontarget_same_mindcf": 0.2007,
    "target_diff__vs__nontarget_same_n_target": 490000,
    "target_diff__vs__nontarget_same_n_nontarget": 490000,
    "target_same__vs__nontarget_diff_eer": 2.2008,
    "target_same__vs__nontarget_diff_mindcf": 0.1531,
    "target_same__vs__nontarget_diff_n_target": 150000,
    "target_same__vs__nontarget_diff_n_nontarget": 150000,
    "target_same__vs__nontarget_same_eer": 3.7947,
    "target_same__vs__nontarget_same_mindcf": 0.2104,
    "target_same__vs__nontarget_same_n_target": 150000,
    "target_same__vs__nontarget_same_n_nontarget": 490000,
    "overall_eer": 3.4009,
    "overall_mindcf": 0.1958
  }
}