Subcategory,Task1 Pairs,Task2 Pairs
"Target, Same Language",500000,150000
"Target, Different Languages",1500000,490000
"Nontarget, Same Language",1500000,490000
"Nontarget, Different Languages",500000,150000

Condition,Task1 EER(%),Task1 minDCF,Task2 EER(%),Task2 minDCF
Target: Diff Lang vs Non-target: Diff Lang,2.29,0.1561,2.21,0.1450
Target: Diff Lang vs Non-target: Same Lang,2.68,0.1977,3.62,0.2007
Target: Same Lang vs Non-target: Diff Lang,2.09,0.1544,2.20,0.1531
Target: Same Lang vs Non-target: Same Lang,2.47,0.1983,3.79,0.2104
Overall (All Targets vs All Non-targets),2.53,0.1901,3.40,0.1958
