{
  "task1": {
    "target_diff__vs__nontarget_diff_eer": 2.225,
    "target_diff__vs__nontarget_diff_mindcf": 0.1575,
    "target_diff__vs__nontarget_diff_n_target": 1500000,
    "target_diff__vs__nontarget_diff_n_nontarget": 500000,
    "target_diff__vs__nontarget_same_eer": 2.8145,
    "target_diff__vs__nontarget_same_mindcf": 0.2064,
    "target_diff__vs__nontarget_same_n_target": 1500000,
    "target_diff__vs__nontarget_same_n_nontarget": 1500000,
    "target_same__vs__nontarget_diff_eer": 1.9477,
    "target_same__vs__nontarget_diff_mindcf": 0.1495,
    "target_same__vs__nontarget_diff_n_target": 500000,
    "target_same__vs__nontarget_diff_n_nontarget": 500000,
    "target_same__vs__nontarget_same_eer": 2.4929,
    "target_same__vs__nontarget_same_mindcf": 0.1992,
    "target_same__vs__nontarget_same_n_target": 500000,
    "target_same__vs__nontarget_same_n_nontarget": 1500000,
    "overall_eer": 2.6071,
    "overall_mindcf": 0.195
  },
  "task2": {
    "target_diff__vs__nontarget_diff_eer": 3.3632,
    "target_diff__vs__nontarget_diff_mindcf": 0.2323,
    "target_diff__vs__nontarget_diff_n_target": 490000,
    "target_diff__vs__nontarget_diff_n_nontarget": 150000,
    "target_diff__vs__nontarget_same_eer": 3.4246,
    "target_diff__vs__nontarget_same_mindcf": 0.2216,
    "target_diff__vs__nontarget_same_n_target": 490000,
    "target_diff__vs__nontarget_same_n_nontarget": 490000,
    "target_same__vs__nontarget_diff_eer": 3.286,
    "target_same__vs__nontarget_diff_mindcf": 0.208,
    "target_same__vs__nontarget_diff_n_target": 150000,
    "target_same__vs__nontarget_diff_n_nontarget": 150000,
    "target_same__vs__nontarget_same_eer": 3.3267,
    "target_same__vs__nontarget_same_mindcf": 0.198,
    "target_same__vs__nontarget_same_n_target": 150000,
    "target_same__vs__nontarget_same_n_nontarget": 490000,
    "overall_eer": 3.3923,
    "overall_mindcf": 0.2196
  }
}