Subcategory,Task1 Pairs,Task2 Pairs
"Target, Same Language",500000,150000
"Target, Different Languages",1500000,490000
"Nontarget, Same Language",1500000,490000
"Nontarget, Different Languages",500000,150000

Condition,Task1 EER(%),Task1 minDCF,Task2 EER(%),Task2 minDCF
Target: Diff Lang vs Non-target: Diff Lang,2.23,0.1575,3.36,0.2323
Target: Diff Lang vs Non-target: Same Lang,2.81,0.2064,3.42,0.2216
Target: Same Lang vs Non-target: Diff Lang,1.95,0.1495,3.29,0.2080
Target: Same Lang vs Non-target: Same Lang,2.49,0.1992,3.33,0.1980
Overall (All Targets vs All Non-targets),2.61,0.1950,3.39,0.2196
