{
  "task1": {
    "target_diff__vs__nontarget_diff_eer": 7.2765,
    "target_diff__vs__nontarget_diff_mindcf": 0.3398,
    "target_diff__vs__nontarget_diff_n_target": 1500000,
    "target_diff__vs__nontarget_diff_n_nontarget": 500000,
    "target_diff__vs__nontarget_same_eer": 8.7087,
    "target_diff__vs__nontarget_same_mindcf": 0.4152,
    "target_diff__vs__nontarget_same_n_target": 1500000,
    "target_diff__vs__nontarget_same_n_nontarget": 1500000,
    "target_same__vs__nontarget_diff_eer": 7.1414,
    "target_same__vs__nontarget_diff_mindcf": 0.3342,
    "target_same__vs__nontarget_diff_n_target": 500000,
    "target_same__vs__nontarget_diff_n_nontarget": 500000,
    "target_same__vs__nontarget_same_eer": 8.6036,
    "target_same__vs__nontarget_same_mindcf": 0.4115,
    "target_same__vs__nontarget_same_n_target": 500000,
    "target_same__vs__nontarget_same_n_nontarget": 1500000,
    "overall_eer": 8.3451,
    "overall_mindcf": 0.4018
  },
  "task2": {
    "target_diff__vs__nontarget_diff_eer": 6.7118,
    "target_diff__vs__nontarget_diff_mindcf": 0.3974,
    "target_diff__vs__nontarget_diff_n_target": 490000,
    "target_diff__vs__nontarget_diff_n_nontarget": 150000,
    "target_diff__vs__nontarget_same_eer": 10.2601,
    "target_diff__vs__nontarget_same_mindcf": 0.5858,
    "target_diff__vs__nontarget_same_n_target": 490000,
    "target_diff__vs__nontarget_same_n_nontarget": 490000,
    "target_same__vs__nontarget_diff_eer": 8.322,
    "target_same__vs__nontarget_diff_mindcf": 0.3507,
    "target_same__vs__nontarget_diff_n_target": 150000,
    "target_same__vs__nontarget_diff_n_nontarget": 150000,
    "target_same__vs__nontarget_same_eer": 11.5239,
    "target_same__vs__nontarget_same_mindcf": 0.5556,
    "target_same__vs__nontarget_same_n_target": 150000,
    "target_same__vs__nontarget_same_n_nontarget": 490000,
    "overall_eer": 9.7905,
    "overall_mindcf": 0.5655
  }
}