Subcategory,Task1 Pairs,Task2 Pairs
"Target, Same Language",500000,150000
"Target, Different Languages",1500000,490000
"Nontarget, Same Language",1500000,490000
"Nontarget, Different Languages",500000,150000

Condition,Task1 EER(%),Task1 minDCF,Task2 EER(%),Task2 minDCF
Target: Diff Lang vs Non-target: Diff Lang,7.28,0.3398,6.71,0.3974
Target: Diff Lang vs Non-target: Same Lang,8.71,0.4152,10.26,0.5858
Target: Same Lang vs Non-target: Diff Lang,7.14,0.3342,8.32,0.3507
Target: Same Lang vs Non-target: Same Lang,8.60,0.4115,11.52,0.5556
Overall (All Targets vs All Non-targets),8.35,0.4018,9.79,0.5655
