{
  "task1": {
    "target_diff__vs__nontarget_diff_eer": 11.2199,
    "target_diff__vs__nontarget_diff_mindcf": 0.608,
    "target_diff__vs__nontarget_diff_n_target": 1500000,
    "target_diff__vs__nontarget_diff_n_nontarget": 500000,
    "target_diff__vs__nontarget_same_eer": 12.8776,
    "target_diff__vs__nontarget_same_mindcf": 0.7272,
    "target_diff__vs__nontarget_same_n_target": 1500000,
    "target_diff__vs__nontarget_same_n_nontarget": 1500000,
    "target_same__vs__nontarget_diff_eer": 11.0822,
    "target_same__vs__nontarget_diff_mindcf": 0.5875,
    "target_same__vs__nontarget_diff_n_target": 500000,
    "target_same__vs__nontarget_diff_n_nontarget": 500000,
    "target_same__vs__nontarget_same_eer": 12.687,
    "target_same__vs__nontarget_same_mindcf": 0.7002,
    "target_same__vs__nontarget_same_n_target": 500000,
    "target_same__vs__nontarget_same_n_nontarget": 1500000,
    "overall_eer": 12.4257,
    "overall_mindcf": 0.7019
  },
  "task2": {
    "target_diff__vs__nontarget_diff_eer": 13.7092,
    "target_diff__vs__nontarget_diff_mindcf": 0.6847,
    "target_diff__vs__nontarget_diff_n_target": 490000,
    "target_diff__vs__nontarget_diff_n_nontarget": 150000,
    "target_diff__vs__nontarget_same_eer": 13.9345,
    "target_diff__vs__nontarget_same_mindcf": 0.7974,
    "target_diff__vs__nontarget_same_n_target": 490000,
    "target_diff__vs__nontarget_same_n_nontarget": 490000,
    "target_same__vs__nontarget_diff_eer": 12.8222,
    "target_same__vs__nontarget_diff_mindcf": 0.6435,
    "target_same__vs__nontarget_diff_n_target": 150000,
    "target_same__vs__nontarget_diff_n_nontarget": 150000,
    "target_same__vs__nontarget_same_eer": 13.0137,
    "target_same__vs__nontarget_same_mindcf": 0.7607,
    "target_same__vs__nontarget_same_n_target": 150000,
    "target_same__vs__nontarget_same_n_nontarget": 490000,
    "overall_eer": 13.6839,
    "overall_mindcf": 0.7653
  }
}