Subcategory,Task1 Pairs,Task2 Pairs
"Target, Same Language",500000,150000
"Target, Different Languages",1500000,490000
"Nontarget, Same Language",1500000,490000
"Nontarget, Different Languages",500000,150000

Condition,Task1 EER(%),Task1 minDCF,Task2 EER(%),Task2 minDCF
Target: Diff Lang vs Non-target: Diff Lang,11.22,0.6080,13.71,0.6847
Target: Diff Lang vs Non-target: Same Lang,12.88,0.7272,13.93,0.7974
Target: Same Lang vs Non-target: Diff Lang,11.08,0.5875,12.82,0.6435
Target: Same Lang vs Non-target: Same Lang,12.69,0.7002,13.01,0.7607
Overall (All Targets vs All Non-targets),12.43,0.7019,13.68,0.7653
