{
  "task1": {
    "target_diff__vs__nontarget_diff_eer": 14.7265,
    "target_diff__vs__nontarget_diff_mindcf": 0.687,
    "target_diff__vs__nontarget_diff_n_target": 1500000,
    "target_diff__vs__nontarget_diff_n_nontarget": 500000,
    "target_diff__vs__nontarget_same_eer": 15.1906,
    "target_diff__vs__nontarget_same_mindcf": 0.7114,
    "target_diff__vs__nontarget_same_n_target": 1500000,
    "target_diff__vs__nontarget_same_n_nontarget": 1500000,
    "target_same__vs__nontarget_diff_eer": 14.6403,
    "target_same__vs__nontarget_diff_mindcf": 0.6581,
    "target_same__vs__nontarget_diff_n_target": 500000,
    "target_same__vs__nontarget_diff_n_nontarget": 500000,
    "target_same__vs__nontarget_same_eer": 15.0905,
    "target_same__vs__nontarget_same_mindcf": 0.6828,
    "target_same__vs__nontarget_same_n_target": 500000,
    "target_same__vs__nontarget_same_n_nontarget": 1500000,
    "overall_eer": 15.0488,
    "overall_mindcf": 0.6997
  },
  "task2": {
    "target_diff__vs__nontarget_diff_eer": 18.0752,
    "target_diff__vs__nontarget_diff_mindcf": 0.6666,
    "target_diff__vs__nontarget_diff_n_target": 490000,
    "target_diff__vs__nontarget_diff_n_nontarget": 150000,
    "target_diff__vs__nontarget_same_eer": 20.3884,
    "target_diff__vs__nontarget_same_mindcf": 0.8196,
    "target_diff__vs__nontarget_same_n_target": 490000,
    "target_diff__vs__nontarget_same_n_nontarget": 490000,
    "target_same__vs__nontarget_diff_eer": 15.5727,
    "target_same__vs__nontarget_diff_mindcf": 0.6503,
    "target_same__vs__nontarget_diff_n_target": 150000,
    "target_same__vs__nontarget_diff_n_nontarget": 150000,
    "target_same__vs__nontarget_same_eer": 17.84,
    "target_same__vs__nontarget_same_mindcf": 0.8243,
    "target_same__vs__nontarget_same_n_target": 150000,
    "target_same__vs__nontarget_same_n_nontarget": 490000,
    "overall_eer": 19.2441,
    "overall_mindcf": 0.804
  }
}