Subcategory,Task1 Pairs,Task2 Pairs
"Target, Same Language",500000,150000
"Target, Different Languages",1500000,490000
"Nontarget, Same Language",1500000,490000
"Nontarget, Different Languages",500000,150000

Condition,Task1 EER(%),Task1 minDCF,Task2 EER(%),Task2 minDCF
Target: Diff Lang vs Non-target: Diff Lang,14.73,0.6870,18.08,0.6666
Target: Diff Lang vs Non-target: Same Lang,15.19,0.7114,20.39,0.8196
Target: Same Lang vs Non-target: Diff Lang,14.64,0.6581,15.57,0.6503
Target: Same Lang vs Non-target: Same Lang,15.09,0.6828,17.84,0.8243
Overall (All Targets vs All Non-targets),15.05,0.6997,19.24,0.8040
