Subcategory,Task1 Pairs,Task2 Pairs
"Target, Same Language",500000,150000
"Target, Different Languages",1500000,490000
"Nontarget, Same Language",1500000,490000
"Nontarget, Different Languages",500000,150000

Condition,Task1 EER(%),Task1 minDCF,Task2 EER(%),Task2 minDCF
Target: Diff Lang vs Non-target: Diff Lang,7.05,0.3760,7.85,0.4601
Target: Diff Lang vs Non-target: Same Lang,10.23,0.5446,11.97,0.5414
Target: Same Lang vs Non-target: Diff Lang,6.03,0.3412,8.93,0.3528
Target: Same Lang vs Non-target: Same Lang,9.05,0.4992,12.16,0.4458
Overall (All Targets vs All Non-targets),9.27,0.5124,11.28,0.5078
