{
  "task1": {
    "target_diff__vs__nontarget_diff_eer": 7.0523,
    "target_diff__vs__nontarget_diff_mindcf": 0.376,
    "target_diff__vs__nontarget_diff_n_target": 1500000,
    "target_diff__vs__nontarget_diff_n_nontarget": 500000,
    "target_diff__vs__nontarget_same_eer": 10.2265,
    "target_diff__vs__nontarget_same_mindcf": 0.5446,
    "target_diff__vs__nontarget_same_n_target": 1500000,
    "target_diff__vs__nontarget_same_n_nontarget": 1500000,
    "target_same__vs__nontarget_diff_eer": 6.0254,
    "target_same__vs__nontarget_diff_mindcf": 0.3412,
    "target_same__vs__nontarget_diff_n_target": 500000,
    "target_same__vs__nontarget_diff_n_nontarget": 500000,
    "target_same__vs__nontarget_same_eer": 9.0522,
    "target_same__vs__nontarget_same_mindcf": 0.4992,
    "target_same__vs__nontarget_same_n_target": 500000,
    "target_same__vs__nontarget_same_n_nontarget": 1500000,
    "overall_eer": 9.274,
    "overall_mindcf": 0.5124
  },
  "task2": {
    "target_diff__vs__nontarget_diff_eer": 7.8543,
    "target_diff__vs__nontarget_diff_mindcf": 0.4601,
    "target_diff__vs__nontarget_diff_n_target": 490000,
    "target_diff__vs__nontarget_diff_n_nontarget": 150000,
    "target_diff__vs__nontarget_same_eer": 11.9694,
    "target_diff__vs__nontarget_same_mindcf": 0.5414,
    "target_diff__vs__nontarget_same_n_target": 490000,
    "target_diff__vs__nontarget_same_n_nontarget": 490000,
    "target_same__vs__nontarget_diff_eer": 8.933,
    "target_same__vs__nontarget_diff_mindcf": 0.3528,
    "target_same__vs__nontarget_diff_n_target": 150000,
    "target_same__vs__nontarget_diff_n_nontarget": 150000,
    "target_same__vs__nontarget_same_eer": 12.162,
    "target_same__vs__nontarget_same_mindcf": 0.4458,
    "target_same__vs__nontarget_same_n_target": 150000,
    "target_same__vs__nontarget_same_n_nontarget": 490000,
    "overall_eer": 11.282,
    "overall_mindcf": 0.5078
  }
}