Subcategory,Task1 Pairs,Task2 Pairs
"Target, Same Language",500000,150000
"Target, Different Languages",1500000,490000
"Nontarget, Same Language",1500000,490000
"Nontarget, Different Languages",500000,150000

Condition,Task1 EER(%),Task1 minDCF,Task2 EER(%),Task2 minDCF
Target: Diff Lang vs Non-target: Diff Lang,3.42,0.2382,3.06,0.2201
Target: Diff Lang vs Non-target: Same Lang,3.74,0.2824,6.13,0.3869
Target: Same Lang vs Non-target: Diff Lang,3.02,0.2298,2.94,0.2037
Target: Same Lang vs Non-target: Same Lang,3.34,0.2748,6.12,0.3708
Overall (All Targets vs All Non-targets),3.56,0.2720,5.57,0.3670
