{
  "task1": {
    "target_diff__vs__nontarget_diff_eer": 3.4199,
    "target_diff__vs__nontarget_diff_mindcf": 0.2382,
    "target_diff__vs__nontarget_diff_n_target": 1500000,
    "target_diff__vs__nontarget_diff_n_nontarget": 500000,
    "target_diff__vs__nontarget_same_eer": 3.7436,
    "target_diff__vs__nontarget_same_mindcf": 0.2824,
    "target_diff__vs__nontarget_same_n_target": 1500000,
    "target_diff__vs__nontarget_same_n_nontarget": 1500000,
    "target_same__vs__nontarget_diff_eer": 3.0199,
    "target_same__vs__nontarget_diff_mindcf": 0.2298,
    "target_same__vs__nontarget_diff_n_target": 500000,
    "target_same__vs__nontarget_diff_n_nontarget": 500000,
    "target_same__vs__nontarget_same_eer": 3.3362,
    "target_same__vs__nontarget_same_mindcf": 0.2748,
    "target_same__vs__nontarget_same_n_target": 500000,
    "target_same__vs__nontarget_same_n_nontarget": 1500000,
    "overall_eer": 3.5638,
    "overall_mindcf": 0.272
  },
  "task2": {
    "target_diff__vs__nontarget_diff_eer": 3.0621,
    "target_diff__vs__nontarget_diff_mindcf": 0.2201,
    "target_diff__vs__nontarget_diff_n_target": 490000,
    "target_diff__vs__nontarget_diff_n_nontarget": 150000,
    "target_diff__vs__nontarget_same_eer": 6.1282,
    "target_diff__vs__nontarget_same_mindcf": 0.3869,
    "target_diff__vs__nontarget_same_n_target": 490000,
    "target_diff__vs__nontarget_same_n_nontarget": 490000,
    "target_same__vs__nontarget_diff_eer": 2.936,
    "target_same__vs__nontarget_diff_mindcf": 0.2037,
    "target_same__vs__nontarget_diff_n_target": 150000,
    "target_same__vs__nontarget_diff_n_nontarget": 150000,
    "target_same__vs__nontarget_same_eer": 6.1159,
    "target_same__vs__nontarget_same_mindcf": 0.3708,
    "target_same__vs__nontarget_same_n_target": 150000,
    "target_same__vs__nontarget_same_n_nontarget": 490000,
    "overall_eer": 5.5737,
    "overall_mindcf": 0.367
  }
}