Subcategory,Task1 Pairs,Task2 Pairs
"Target, Same Language",500000,150000
"Target, Different Languages",1500000,490000
"Nontarget, Same Language",1500000,490000
"Nontarget, Different Languages",500000,150000

Condition,Task1 EER(%),Task1 minDCF,Task2 EER(%),Task2 minDCF
Target: Diff Lang vs Non-target: Diff Lang,15.06,0.6417,17.71,0.6717
Target: Diff Lang vs Non-target: Same Lang,15.63,0.6893,18.31,0.7627
Target: Same Lang vs Non-target: Diff Lang,15.14,0.6222,16.69,0.6193
Target: Same Lang vs Non-target: Same Lang,15.71,0.6670,17.22,0.7184
Overall (All Targets vs All Non-targets),15.51,0.6740,17.93,0.7385
