{
  "task1": {
    "target_diff__vs__nontarget_diff_eer": 15.0581,
    "target_diff__vs__nontarget_diff_mindcf": 0.6417,
    "target_diff__vs__nontarget_diff_n_target": 1500000,
    "target_diff__vs__nontarget_diff_n_nontarget": 500000,
    "target_diff__vs__nontarget_same_eer": 15.6287,
    "target_diff__vs__nontarget_same_mindcf": 0.6893,
    "target_diff__vs__nontarget_same_n_target": 1500000,
    "target_diff__vs__nontarget_same_n_nontarget": 1500000,
    "target_same__vs__nontarget_diff_eer": 15.1443,
    "target_same__vs__nontarget_diff_mindcf": 0.6222,
    "target_same__vs__nontarget_diff_n_target": 500000,
    "target_same__vs__nontarget_diff_n_nontarget": 500000,
    "target_same__vs__nontarget_same_eer": 15.7084,
    "target_same__vs__nontarget_same_mindcf": 0.667,
    "target_same__vs__nontarget_same_n_target": 500000,
    "target_same__vs__nontarget_same_n_nontarget": 1500000,
    "overall_eer": 15.5069,
    "overall_mindcf": 0.674
  },
  "task2": {
    "target_diff__vs__nontarget_diff_eer": 17.7144,
    "target_diff__vs__nontarget_diff_mindcf": 0.6717,
    "target_diff__vs__nontarget_diff_n_target": 490000,
    "target_diff__vs__nontarget_diff_n_nontarget": 150000,
    "target_diff__vs__nontarget_same_eer": 18.3108,
    "target_diff__vs__nontarget_same_mindcf": 0.7627,
    "target_diff__vs__nontarget_same_n_target": 490000,
    "target_diff__vs__nontarget_same_n_nontarget": 490000,
    "target_same__vs__nontarget_diff_eer": 16.6883,
    "target_same__vs__nontarget_diff_mindcf": 0.6193,
    "target_same__vs__nontarget_diff_n_target": 150000,
    "target_same__vs__nontarget_diff_n_nontarget": 150000,
    "target_same__vs__nontarget_same_eer": 17.222,
    "target_same__vs__nontarget_same_mindcf": 0.7184,
    "target_same__vs__nontarget_same_n_target": 150000,
    "target_same__vs__nontarget_same_n_nontarget": 490000,
    "overall_eer": 17.9303,
    "overall_mindcf": 0.7385
  }
}