{
  "task1": {
    "target_diff__vs__nontarget_diff_eer": 5.1995,
    "target_diff__vs__nontarget_diff_mindcf": 0.3244,
    "target_diff__vs__nontarget_diff_n_target": 1500000,
    "target_diff__vs__nontarget_diff_n_nontarget": 500000,
    "target_diff__vs__nontarget_same_eer": 6.4475,
    "target_diff__vs__nontarget_same_mindcf": 0.4248,
    "target_diff__vs__nontarget_same_n_target": 1500000,
    "target_diff__vs__nontarget_same_n_nontarget": 1500000,
    "target_same__vs__nontarget_diff_eer": 5.0826,
    "target_same__vs__nontarget_diff_mindcf": 0.3287,
    "target_same__vs__nontarget_diff_n_target": 500000,
    "target_same__vs__nontarget_diff_n_nontarget": 500000,
    "target_same__vs__nontarget_same_eer": 6.3723,
    "target_same__vs__nontarget_same_mindcf": 0.4302,
    "target_same__vs__nontarget_same_n_target": 500000,
    "target_same__vs__nontarget_same_n_nontarget": 1500000,
    "overall_eer": 6.1214,
    "overall_mindcf": 0.4095
  },
  "task2": {
    "target_diff__vs__nontarget_diff_eer": 5.6841,
    "target_diff__vs__nontarget_diff_mindcf": 0.4246,
    "target_diff__vs__nontarget_diff_n_target": 490000,
    "target_diff__vs__nontarget_diff_n_nontarget": 150000,
    "target_diff__vs__nontarget_same_eer": 9.9825,
    "target_diff__vs__nontarget_same_mindcf": 0.6392,
    "target_diff__vs__nontarget_same_n_target": 490000,
    "target_diff__vs__nontarget_same_n_nontarget": 490000,
    "target_same__vs__nontarget_diff_eer": 7.3483,
    "target_same__vs__nontarget_diff_mindcf": 0.4138,
    "target_same__vs__nontarget_diff_n_target": 150000,
    "target_same__vs__nontarget_diff_n_nontarget": 150000,
    "target_same__vs__nontarget_same_eer": 11.3027,
    "target_same__vs__nontarget_same_mindcf": 0.6547,
    "target_same__vs__nontarget_same_n_target": 150000,
    "target_same__vs__nontarget_same_n_nontarget": 490000,
    "overall_eer": 9.4658,
    "overall_mindcf": 0.6239
  }
}