Subcategory,Task1 Pairs,Task2 Pairs
"Target, Same Language",500000,150000
"Target, Different Languages",1500000,490000
"Nontarget, Same Language",1500000,490000
"Nontarget, Different Languages",500000,150000

Condition,Task1 EER(%),Task1 minDCF,Task2 EER(%),Task2 minDCF
Target: Diff Lang vs Non-target: Diff Lang,5.20,0.3244,5.68,0.4246
Target: Diff Lang vs Non-target: Same Lang,6.45,0.4248,9.98,0.6392
Target: Same Lang vs Non-target: Diff Lang,5.08,0.3287,7.35,0.4138
Target: Same Lang vs Non-target: Same Lang,6.37,0.4302,11.30,0.6547
Overall (All Targets vs All Non-targets),6.12,0.4095,9.47,0.6239
