{
  "task1": {
    "target_diff__vs__nontarget_diff_eer": 9.3668,
    "target_diff__vs__nontarget_diff_mindcf": 0.4262,
    "target_diff__vs__nontarget_diff_n_target": 1500000,
    "target_diff__vs__nontarget_diff_n_nontarget": 500000,
    "target_diff__vs__nontarget_same_eer": 10.8688,
    "target_diff__vs__nontarget_same_mindcf": 0.5168,
    "target_diff__vs__nontarget_same_n_target": 1500000,
    "target_diff__vs__nontarget_same_n_nontarget": 1500000,
    "target_same__vs__nontarget_diff_eer": 9.2176,
    "target_same__vs__nontarget_diff_mindcf": 0.4432,
    "target_same__vs__nontarget_diff_n_target": 500000,
    "target_same__vs__nontarget_diff_n_nontarget": 500000,
    "target_same__vs__nontarget_same_eer": 10.7554,
    "target_same__vs__nontarget_same_mindcf": 0.5429,
    "target_same__vs__nontarget_same_n_target": 500000,
    "target_same__vs__nontarget_same_n_nontarget": 1500000,
    "overall_eer": 10.4696,
    "overall_mindcf": 0.5079
  },
  "task2": {
    "target_diff__vs__nontarget_diff_eer": 6.7083,
    "target_diff__vs__nontarget_diff_mindcf": 0.4216,
    "target_diff__vs__nontarget_diff_n_target": 490000,
    "target_diff__vs__nontarget_diff_n_nontarget": 150000,
    "target_diff__vs__nontarget_same_eer": 11.9926,
    "target_diff__vs__nontarget_same_mindcf": 0.7444,
    "target_diff__vs__nontarget_same_n_target": 490000,
    "target_diff__vs__nontarget_same_n_nontarget": 490000,
    "target_same__vs__nontarget_diff_eer": 8.272,
    "target_same__vs__nontarget_diff_mindcf": 0.4057,
    "target_same__vs__nontarget_diff_n_target": 150000,
    "target_same__vs__nontarget_diff_n_nontarget": 150000,
    "target_same__vs__nontarget_same_eer": 12.4787,
    "target_same__vs__nontarget_same_mindcf": 0.7532,
    "target_same__vs__nontarget_same_n_target": 150000,
    "target_same__vs__nontarget_same_n_nontarget": 490000,
    "overall_eer": 11.0602,
    "overall_mindcf": 0.7287
  }
}