Subcategory,Task1 Pairs,Task2 Pairs
"Target, Same Language",500000,150000
"Target, Different Languages",1500000,490000
"Nontarget, Same Language",1500000,490000
"Nontarget, Different Languages",500000,150000

Condition,Task1 EER(%),Task1 minDCF,Task2 EER(%),Task2 minDCF
Target: Diff Lang vs Non-target: Diff Lang,9.37,0.4262,6.71,0.4216
Target: Diff Lang vs Non-target: Same Lang,10.87,0.5168,11.99,0.7444
Target: Same Lang vs Non-target: Diff Lang,9.22,0.4432,8.27,0.4057
Target: Same Lang vs Non-target: Same Lang,10.76,0.5429,12.48,0.7532
Overall (All Targets vs All Non-targets),10.47,0.5079,11.06,0.7287
