{
  "task1": {
    "target_diff__vs__nontarget_diff_eer": 11.8458,
    "target_diff__vs__nontarget_diff_mindcf": 0.7655,
    "target_diff__vs__nontarget_diff_n_target": 1500000,
    "target_diff__vs__nontarget_diff_n_nontarget": 500000,
    "target_diff__vs__nontarget_same_eer": 15.2184,
    "target_diff__vs__nontarget_same_mindcf": 0.893,
    "target_diff__vs__nontarget_same_n_target": 1500000,
    "target_diff__vs__nontarget_same_n_nontarget": 1500000,
    "target_same__vs__nontarget_diff_eer": 10.3183,
    "target_same__vs__nontarget_diff_mindcf": 0.685,
    "target_same__vs__nontarget_diff_n_target": 500000,
    "target_same__vs__nontarget_diff_n_nontarget": 500000,
    "target_same__vs__nontarget_same_eer": 13.3076,
    "target_same__vs__nontarget_same_mindcf": 0.8279,
    "target_same__vs__nontarget_same_n_target": 500000,
    "target_same__vs__nontarget_same_n_nontarget": 1500000,
    "overall_eer": 13.991,
    "overall_mindcf": 0.8604
  },
  "task2": {
    "target_diff__vs__nontarget_diff_eer": 12.5155,
    "target_diff__vs__nontarget_diff_mindcf": 0.6494,
    "target_diff__vs__nontarget_diff_n_target": 490000,
    "target_diff__vs__nontarget_diff_n_nontarget": 150000,
    "target_diff__vs__nontarget_same_eer": 15.7341,
    "target_diff__vs__nontarget_same_mindcf": 0.849,
    "target_diff__vs__nontarget_same_n_target": 490000,
    "target_diff__vs__nontarget_same_n_nontarget": 490000,
    "target_same__vs__nontarget_diff_eer": 13.0783,
    "target_same__vs__nontarget_diff_mindcf": 0.795,
    "target_same__vs__nontarget_diff_n_target": 150000,
    "target_same__vs__nontarget_diff_n_nontarget": 150000,
    "target_same__vs__nontarget_same_eer": 16.6693,
    "target_same__vs__nontarget_same_mindcf": 0.972,
    "target_same__vs__nontarget_same_n_target": 150000,
    "target_same__vs__nontarget_same_n_nontarget": 490000,
    "overall_eer": 15.2194,
    "overall_mindcf": 0.8647
  }
}