Subcategory,Task1 Pairs,Task2 Pairs
"Target, Same Language",500000,150000
"Target, Different Languages",1500000,490000
"Nontarget, Same Language",1500000,490000
"Nontarget, Different Languages",500000,150000

Condition,Task1 EER(%),Task1 minDCF,Task2 EER(%),Task2 minDCF
Target: Diff Lang vs Non-target: Diff Lang,11.85,0.7655,12.52,0.6494
Target: Diff Lang vs Non-target: Same Lang,15.22,0.8930,15.73,0.8490
Target: Same Lang vs Non-target: Diff Lang,10.32,0.6850,13.08,0.7950
Target: Same Lang vs Non-target: Same Lang,13.31,0.8279,16.67,0.9720
Overall (All Targets vs All Non-targets),13.99,0.8604,15.22,0.8647
