Subcategory,Task1 Pairs,Task2 Pairs
"Target, Same Language",500000,150000
"Target, Different Languages",1500000,490000
"Nontarget, Same Language",1500000,490000
"Nontarget, Different Languages",500000,150000

Condition,Task1 EER(%),Task1 minDCF,Task2 EER(%),Task2 minDCF
Target: Diff Lang vs Non-target: Diff Lang,4.68,0.3108,4.94,0.3779
Target: Diff Lang vs Non-target: Same Lang,4.91,0.3537,8.06,0.4476
Target: Same Lang vs Non-target: Diff Lang,4.51,0.3302,3.51,0.2910
Target: Same Lang vs Non-target: Same Lang,4.74,0.3756,5.80,0.3732
Overall (All Targets vs All Non-targets),4.81,0.3500,7.01,0.4215
