{
  "task1": {
    "target_diff__vs__nontarget_diff_eer": 4.6813,
    "target_diff__vs__nontarget_diff_mindcf": 0.3108,
    "target_diff__vs__nontarget_diff_n_target": 1500000,
    "target_diff__vs__nontarget_diff_n_nontarget": 500000,
    "target_diff__vs__nontarget_same_eer": 4.9068,
    "target_diff__vs__nontarget_same_mindcf": 0.3537,
    "target_diff__vs__nontarget_same_n_target": 1500000,
    "target_diff__vs__nontarget_same_n_nontarget": 1500000,
    "target_same__vs__nontarget_diff_eer": 4.5092,
    "target_same__vs__nontarget_diff_mindcf": 0.3302,
    "target_same__vs__nontarget_diff_n_target": 500000,
    "target_same__vs__nontarget_diff_n_nontarget": 500000,
    "target_same__vs__nontarget_same_eer": 4.7407,
    "target_same__vs__nontarget_same_mindcf": 0.3756,
    "target_same__vs__nontarget_same_n_target": 500000,
    "target_same__vs__nontarget_same_n_nontarget": 1500000,
    "overall_eer": 4.8059,
    "overall_mindcf": 0.35
  },
  "task2": {
    "target_diff__vs__nontarget_diff_eer": 4.938,
    "target_diff__vs__nontarget_diff_mindcf": 0.3779,
    "target_diff__vs__nontarget_diff_n_target": 490000,
    "target_diff__vs__nontarget_diff_n_nontarget": 150000,
    "target_diff__vs__nontarget_same_eer": 8.0597,
    "target_diff__vs__nontarget_same_mindcf": 0.4476,
    "target_diff__vs__nontarget_same_n_target": 490000,
    "target_diff__vs__nontarget_same_n_nontarget": 490000,
    "target_same__vs__nontarget_diff_eer": 3.5113,
    "target_same__vs__nontarget_diff_mindcf": 0.291,
    "target_same__vs__nontarget_diff_n_target": 150000,
    "target_same__vs__nontarget_diff_n_nontarget": 150000,
    "target_same__vs__nontarget_same_eer": 5.7972,
    "target_same__vs__nontarget_same_mindcf": 0.3732,
    "target_same__vs__nontarget_same_n_target": 150000,
    "target_same__vs__nontarget_same_n_nontarget": 490000,
    "overall_eer": 7.0064,
    "overall_mindcf": 0.4215
  }
}