Subcategory,Task1 Pairs,Task2 Pairs
"Target, Same Language",500000,150000
"Target, Different Languages",1500000,490000
"Nontarget, Same Language",1500000,490000
"Nontarget, Different Languages",500000,150000

Condition,Task1 EER(%),Task1 minDCF,Task2 EER(%),Task2 minDCF
Target: Diff Lang vs Non-target: Diff Lang,3.32,0.2261,2.59,0.2742
Target: Diff Lang vs Non-target: Same Lang,4.76,0.3490,5.74,0.3998
Target: Same Lang vs Non-target: Diff Lang,2.80,0.2134,2.90,0.2265
Target: Same Lang vs Non-target: Same Lang,4.20,0.3383,5.80,0.3371
Overall (All Targets vs All Non-targets),4.31,0.3258,5.22,0.3723
