{
  "task1": {
    "target_diff__vs__nontarget_diff_eer": 3.3231,
    "target_diff__vs__nontarget_diff_mindcf": 0.2261,
    "target_diff__vs__nontarget_diff_n_target": 1500000,
    "target_diff__vs__nontarget_diff_n_nontarget": 500000,
    "target_diff__vs__nontarget_same_eer": 4.7589,
    "target_diff__vs__nontarget_same_mindcf": 0.349,
    "target_diff__vs__nontarget_same_n_target": 1500000,
    "target_diff__vs__nontarget_same_n_nontarget": 1500000,
    "target_same__vs__nontarget_diff_eer": 2.8038,
    "target_same__vs__nontarget_diff_mindcf": 0.2134,
    "target_same__vs__nontarget_diff_n_target": 500000,
    "target_same__vs__nontarget_diff_n_nontarget": 500000,
    "target_same__vs__nontarget_same_eer": 4.196,
    "target_same__vs__nontarget_same_mindcf": 0.3383,
    "target_same__vs__nontarget_same_n_target": 500000,
    "target_same__vs__nontarget_same_n_nontarget": 1500000,
    "overall_eer": 4.3051,
    "overall_mindcf": 0.3258
  },
  "task2": {
    "target_diff__vs__nontarget_diff_eer": 2.587,
    "target_diff__vs__nontarget_diff_mindcf": 0.2742,
    "target_diff__vs__nontarget_diff_n_target": 490000,
    "target_diff__vs__nontarget_diff_n_nontarget": 150000,
    "target_diff__vs__nontarget_same_eer": 5.7398,
    "target_diff__vs__nontarget_same_mindcf": 0.3998,
    "target_diff__vs__nontarget_same_n_target": 490000,
    "target_diff__vs__nontarget_same_n_nontarget": 490000,
    "target_same__vs__nontarget_diff_eer": 2.9009,
    "target_same__vs__nontarget_diff_mindcf": 0.2265,
    "target_same__vs__nontarget_diff_n_target": 150000,
    "target_same__vs__nontarget_diff_n_nontarget": 150000,
    "target_same__vs__nontarget_same_eer": 5.8031,
    "target_same__vs__nontarget_same_mindcf": 0.3371,
    "target_same__vs__nontarget_same_n_target": 150000,
    "target_same__vs__nontarget_same_n_nontarget": 490000,
    "overall_eer": 5.2152,
    "overall_mindcf": 0.3723
  }
}