Subcategory,Task1 Pairs,Task2 Pairs
"Target, Same Language",500000,150000
"Target, Different Languages",1500000,490000
"Nontarget, Same Language",1500000,490000
"Nontarget, Different Languages",500000,150000

Condition,Task1 EER(%),Task1 minDCF,Task2 EER(%),Task2 minDCF
Target: Diff Lang vs Non-target: Diff Lang,7.08,0.4445,8.44,0.5054
Target: Diff Lang vs Non-target: Same Lang,8.93,0.6894,12.89,0.6395
Target: Same Lang vs Non-target: Diff Lang,6.77,0.4406,9.23,0.5108
Target: Same Lang vs Non-target: Same Lang,8.63,0.6908,13.33,0.6733
Overall (All Targets vs All Non-targets),8.40,0.6485,12.15,0.6299
