{
  "task1": {
    "target_diff__vs__nontarget_diff_eer": 7.0805,
    "target_diff__vs__nontarget_diff_mindcf": 0.4445,
    "target_diff__vs__nontarget_diff_n_target": 1500000,
    "target_diff__vs__nontarget_diff_n_nontarget": 500000,
    "target_diff__vs__nontarget_same_eer": 8.931,
    "target_diff__vs__nontarget_same_mindcf": 0.6894,
    "target_diff__vs__nontarget_same_n_target": 1500000,
    "target_diff__vs__nontarget_same_n_nontarget": 1500000,
    "target_same__vs__nontarget_diff_eer": 6.7745,
    "target_same__vs__nontarget_diff_mindcf": 0.4406,
    "target_same__vs__nontarget_diff_n_target": 500000,
    "target_same__vs__nontarget_diff_n_nontarget": 500000,
    "target_same__vs__nontarget_same_eer": 8.6323,
    "target_same__vs__nontarget_same_mindcf": 0.6908,
    "target_same__vs__nontarget_same_n_target": 500000,
    "target_same__vs__nontarget_same_n_nontarget": 1500000,
    "overall_eer": 8.4039,
    "overall_mindcf": 0.6485
  },
  "task2": {
    "target_diff__vs__nontarget_diff_eer": 8.4395,
    "target_diff__vs__nontarget_diff_mindcf": 0.5054,
    "target_diff__vs__nontarget_diff_n_target": 490000,
    "target_diff__vs__nontarget_diff_n_nontarget": 150000,
    "target_diff__vs__nontarget_same_eer": 12.889,
    "target_diff__vs__nontarget_same_mindcf": 0.6395,
    "target_diff__vs__nontarget_same_n_target": 490000,
    "target_diff__vs__nontarget_same_n_nontarget": 490000,
    "target_same__vs__nontarget_diff_eer": 9.2313,
    "target_same__vs__nontarget_diff_mindcf": 0.5108,
    "target_same__vs__nontarget_diff_n_target": 150000,
    "target_same__vs__nontarget_diff_n_nontarget": 150000,
    "target_same__vs__nontarget_same_eer": 13.3347,
    "target_same__vs__nontarget_same_mindcf": 0.6733,
    "target_same__vs__nontarget_same_n_target": 150000,
    "target_same__vs__nontarget_same_n_nontarget": 490000,
    "overall_eer": 12.1452,
    "overall_mindcf": 0.6299
  }
}