{
  "task1": {
    "target_diff__vs__nontarget_diff_eer": 4.4144,
    "target_diff__vs__nontarget_diff_mindcf": 0.3538,
    "target_diff__vs__nontarget_diff_n_target": 1500000,
    "target_diff__vs__nontarget_diff_n_nontarget": 500000,
    "target_diff__vs__nontarget_same_eer": 8.1309,
    "target_diff__vs__nontarget_same_mindcf": 0.583,
    "target_diff__vs__nontarget_same_n_target": 1500000,
    "target_diff__vs__nontarget_same_n_nontarget": 1500000,
    "target_same__vs__nontarget_diff_eer": 2.3307,
    "target_same__vs__nontarget_diff_mindcf": 0.1862,
    "target_same__vs__nontarget_diff_n_target": 500000,
    "target_same__vs__nontarget_diff_n_nontarget": 500000,
    "target_same__vs__nontarget_same_eer": 4.5766,
    "target_same__vs__nontarget_same_mindcf": 0.3364,
    "target_same__vs__nontarget_same_n_target": 500000,
    "target_same__vs__nontarget_same_n_nontarget": 1500000,
    "overall_eer": 6.6826,
    "overall_mindcf": 0.4975
  },
  "task2": {
    "target_diff__vs__nontarget_diff_eer": 2.9303,
    "target_diff__vs__nontarget_diff_mindcf": 0.2551,
    "target_diff__vs__nontarget_diff_n_target": 490000,
    "target_diff__vs__nontarget_diff_n_nontarget": 150000,
    "target_diff__vs__nontarget_same_eer": 6.497,
    "target_diff__vs__nontarget_same_mindcf": 0.4393,
    "target_diff__vs__nontarget_same_n_target": 490000,
    "target_diff__vs__nontarget_same_n_nontarget": 490000,
    "target_same__vs__nontarget_diff_eer": 3.5127,
    "target_same__vs__nontarget_diff_mindcf": 0.2607,
    "target_same__vs__nontarget_diff_n_target": 150000,
    "target_same__vs__nontarget_diff_n_nontarget": 150000,
    "target_same__vs__nontarget_same_eer": 7.2673,
    "target_same__vs__nontarget_same_mindcf": 0.437,
    "target_same__vs__nontarget_same_n_target": 150000,
    "target_same__vs__nontarget_same_n_nontarget": 490000,
    "overall_eer": 6.0311,
    "overall_mindcf": 0.4227
  }
}