Subcategory,Task1 Pairs,Task2 Pairs
"Target, Same Language",500000,150000
"Target, Different Languages",1500000,490000
"Nontarget, Same Language",1500000,490000
"Nontarget, Different Languages",500000,150000

Condition,Task1 EER(%),Task1 minDCF,Task2 EER(%),Task2 minDCF
Target: Diff Lang vs Non-target: Diff Lang,4.41,0.3538,2.93,0.2551
Target: Diff Lang vs Non-target: Same Lang,8.13,0.5830,6.50,0.4393
Target: Same Lang vs Non-target: Diff Lang,2.33,0.1862,3.51,0.2607
Target: Same Lang vs Non-target: Same Lang,4.58,0.3364,7.27,0.4370
Overall (All Targets vs All Non-targets),6.68,0.4975,6.03,0.4227
