{
  "task1": {
    "target_diff__vs__nontarget_diff_eer": 3.4827,
    "target_diff__vs__nontarget_diff_mindcf": 0.1907,
    "target_diff__vs__nontarget_diff_n_target": 1500000,
    "target_diff__vs__nontarget_diff_n_nontarget": 500000,
    "target_diff__vs__nontarget_same_eer": 3.3378,
    "target_diff__vs__nontarget_same_mindcf": 0.2289,
    "target_diff__vs__nontarget_same_n_target": 1500000,
    "target_diff__vs__nontarget_same_n_nontarget": 1500000,
    "target_same__vs__nontarget_diff_eer": 4.5458,
    "target_same__vs__nontarget_diff_mindcf": 0.2515,
    "target_same__vs__nontarget_diff_n_target": 500000,
    "target_same__vs__nontarget_diff_n_nontarget": 500000,
    "target_same__vs__nontarget_same_eer": 4.2572,
    "target_same__vs__nontarget_same_mindcf": 0.2931,
    "target_same__vs__nontarget_same_n_target": 500000,
    "target_same__vs__nontarget_same_n_nontarget": 1500000,
    "overall_eer": 3.6379,
    "overall_mindcf": 0.2364
  },
  "task2": {
    "target_diff__vs__nontarget_diff_eer": 5.4397,
    "target_diff__vs__nontarget_diff_mindcf": 0.2755,
    "target_diff__vs__nontarget_diff_n_target": 490000,
    "target_diff__vs__nontarget_diff_n_nontarget": 150000,
    "target_diff__vs__nontarget_same_eer": 10.4363,
    "target_diff__vs__nontarget_same_mindcf": 0.3764,
    "target_diff__vs__nontarget_same_n_target": 490000,
    "target_diff__vs__nontarget_same_n_nontarget": 490000,
    "target_same__vs__nontarget_diff_eer": 5.0697,
    "target_same__vs__nontarget_diff_mindcf": 0.2249,
    "target_same__vs__nontarget_diff_n_target": 150000,
    "target_same__vs__nontarget_diff_n_nontarget": 150000,
    "target_same__vs__nontarget_same_eer": 8.0673,
    "target_same__vs__nontarget_same_mindcf": 0.348,
    "target_same__vs__nontarget_same_n_target": 150000,
    "target_same__vs__nontarget_same_n_nontarget": 490000,
    "overall_eer": 9.1571,
    "overall_mindcf": 0.3588
  }
}