Subcategory,Task1 Pairs,Task2 Pairs
"Target, Same Language",500000,150000
"Target, Different Languages",1500000,490000
"Nontarget, Same Language",1500000,490000
"Nontarget, Different Languages",500000,150000

Condition,Task1 EER(%),Task1 minDCF,Task2 EER(%),Task2 minDCF
Target: Diff Lang vs Non-target: Diff Lang,3.48,0.1907,5.44,0.2755
Target: Diff Lang vs Non-target: Same Lang,3.34,0.2289,10.44,0.3764
Target: Same Lang vs Non-target: Diff Lang,4.55,0.2515,5.07,0.2249
Target: Same Lang vs Non-target: Same Lang,4.26,0.2931,8.07,0.3480
Overall (All Targets vs All Non-targets),3.64,0.2364,9.16,0.3588
