{
  "task1": {
    "target_diff__vs__nontarget_diff_eer": 6.6841,
    "target_diff__vs__nontarget_diff_mindcf": 0.3863,
    "target_diff__vs__nontarget_diff_n_target": 1500000,
    "target_diff__vs__nontarget_diff_n_nontarget": 500000,
    "target_diff__vs__nontarget_same_eer": 9.9171,
    "target_diff__vs__nontarget_same_mindcf": 0.5835,
    "target_diff__vs__nontarget_same_n_target": 1500000,
    "target_diff__vs__nontarget_same_n_nontarget": 1500000,
    "target_same__vs__nontarget_diff_eer": 5.7265,
    "target_same__vs__nontarget_diff_mindcf": 0.3484,
    "target_same__vs__nontarget_diff_n_target": 500000,
    "target_same__vs__nontarget_diff_n_nontarget": 500000,
    "target_same__vs__nontarget_same_eer": 8.799,
    "target_same__vs__nontarget_same_mindcf": 0.5333,
    "target_same__vs__nontarget_same_n_target": 500000,
    "target_same__vs__nontarget_same_n_nontarget": 1500000,
    "overall_eer": 8.9566,
    "overall_mindcf": 0.544
  },
  "task2": {
    "target_diff__vs__nontarget_diff_eer": 7.5594,
    "target_diff__vs__nontarget_diff_mindcf": 0.467,
    "target_diff__vs__nontarget_diff_n_target": 490000,
    "target_diff__vs__nontarget_diff_n_nontarget": 150000,
    "target_diff__vs__nontarget_same_eer": 11.1773,
    "target_diff__vs__nontarget_same_mindcf": 0.5557,
    "target_diff__vs__nontarget_same_n_target": 490000,
    "target_diff__vs__nontarget_same_n_nontarget": 490000,
    "target_same__vs__nontarget_diff_eer": 8.7709,
    "target_same__vs__nontarget_diff_mindcf": 0.3787,
    "target_same__vs__nontarget_diff_n_target": 150000,
    "target_same__vs__nontarget_diff_n_nontarget": 150000,
    "target_same__vs__nontarget_same_eer": 11.6427,
    "target_same__vs__nontarget_same_mindcf": 0.4752,
    "target_same__vs__nontarget_same_n_target": 150000,
    "target_same__vs__nontarget_same_n_nontarget": 490000,
    "overall_eer": 10.6205,
    "overall_mindcf": 0.525
  }
}