Subcategory,Task1 Pairs,Task2 Pairs
"Target, Same Language",500000,150000
"Target, Different Languages",1500000,490000
"Nontarget, Same Language",1500000,490000
"Nontarget, Different Languages",500000,150000

Condition,Task1 EER(%),Task1 minDCF,Task2 EER(%),Task2 minDCF
Target: Diff Lang vs Non-target: Diff Lang,6.68,0.3863,7.56,0.4670
Target: Diff Lang vs Non-target: Same Lang,9.92,0.5835,11.18,0.5557
Target: Same Lang vs Non-target: Diff Lang,5.73,0.3484,8.77,0.3787
Target: Same Lang vs Non-target: Same Lang,8.80,0.5333,11.64,0.4752
Overall (All Targets vs All Non-targets),8.96,0.5440,10.62,0.5250
