Subcategory,Task1 Pairs,Task2 Pairs
"Target, Same Language",500000,150000
"Target, Different Languages",1500000,490000
"Nontarget, Same Language",1500000,490000
"Nontarget, Different Languages",500000,150000

Condition,Task1 EER(%),Task1 minDCF,Task2 EER(%),Task2 minDCF
Target: Diff Lang vs Non-target: Diff Lang,6.90,0.4030,7.87,0.4893
Target: Diff Lang vs Non-target: Same Lang,10.15,0.6125,11.25,0.5708
Target: Same Lang vs Non-target: Diff Lang,5.97,0.3640,8.94,0.4079
Target: Same Lang vs Non-target: Same Lang,9.06,0.5598,11.62,0.4960
Overall (All Targets vs All Non-targets),9.18,0.5727,10.71,0.5385
