{
  "task1": {
    "target_diff__vs__nontarget_diff_eer": 6.8966,
    "target_diff__vs__nontarget_diff_mindcf": 0.403,
    "target_diff__vs__nontarget_diff_n_target": 1500000,
    "target_diff__vs__nontarget_diff_n_nontarget": 500000,
    "target_diff__vs__nontarget_same_eer": 10.1476,
    "target_diff__vs__nontarget_same_mindcf": 0.6125,
    "target_diff__vs__nontarget_same_n_target": 1500000,
    "target_diff__vs__nontarget_same_n_nontarget": 1500000,
    "target_same__vs__nontarget_diff_eer": 5.9712,
    "target_same__vs__nontarget_diff_mindcf": 0.364,
    "target_same__vs__nontarget_diff_n_target": 500000,
    "target_same__vs__nontarget_diff_n_nontarget": 500000,
    "target_same__vs__nontarget_same_eer": 9.0588,
    "target_same__vs__nontarget_same_mindcf": 0.5598,
    "target_same__vs__nontarget_same_n_target": 500000,
    "target_same__vs__nontarget_same_n_nontarget": 1500000,
    "overall_eer": 9.184,
    "overall_mindcf": 0.5727
  },
  "task2": {
    "target_diff__vs__nontarget_diff_eer": 7.8674,
    "target_diff__vs__nontarget_diff_mindcf": 0.4893,
    "target_diff__vs__nontarget_diff_n_target": 490000,
    "target_diff__vs__nontarget_diff_n_nontarget": 150000,
    "target_diff__vs__nontarget_same_eer": 11.2486,
    "target_diff__vs__nontarget_same_mindcf": 0.5708,
    "target_diff__vs__nontarget_same_n_target": 490000,
    "target_diff__vs__nontarget_same_n_nontarget": 490000,
    "target_same__vs__nontarget_diff_eer": 8.9351,
    "target_same__vs__nontarget_diff_mindcf": 0.4079,
    "target_same__vs__nontarget_diff_n_target": 150000,
    "target_same__vs__nontarget_diff_n_nontarget": 150000,
    "target_same__vs__nontarget_same_eer": 11.6159,
    "target_same__vs__nontarget_same_mindcf": 0.496,
    "target_same__vs__nontarget_same_n_target": 150000,
    "target_same__vs__nontarget_same_n_nontarget": 490000,
    "overall_eer": 10.7087,
    "overall_mindcf": 0.5385
  }
}