{
  "task1": {
    "target_diff__vs__nontarget_diff_eer": 2.1753,
    "target_diff__vs__nontarget_diff_mindcf": 0.1523,
    "target_diff__vs__nontarget_diff_n_target": 1500000,
    "target_diff__vs__nontarget_diff_n_nontarget": 500000,
    "target_diff__vs__nontarget_same_eer": 2.7133,
    "target_diff__vs__nontarget_same_mindcf": 0.2001,
    "target_diff__vs__nontarget_same_n_target": 1500000,
    "target_diff__vs__nontarget_same_n_nontarget": 1500000,
    "target_same__vs__nontarget_diff_eer": 1.9046,
    "target_same__vs__nontarget_diff_mindcf": 0.1439,
    "target_same__vs__nontarget_diff_n_target": 500000,
    "target_same__vs__nontarget_diff_n_nontarget": 500000,
    "target_same__vs__nontarget_same_eer": 2.3932,
    "target_same__vs__nontarget_same_mindcf": 0.1927,
    "target_same__vs__nontarget_same_n_target": 500000,
    "target_same__vs__nontarget_same_n_nontarget": 1500000,
    "overall_eer": 2.5163,
    "overall_mindcf": 0.1892
  },
  "task2": {
    "target_diff__vs__nontarget_diff_eer": 3.5803,
    "target_diff__vs__nontarget_diff_mindcf": 0.2499,
    "target_diff__vs__nontarget_diff_n_target": 490000,
    "target_diff__vs__nontarget_diff_n_nontarget": 150000,
    "target_diff__vs__nontarget_same_eer": 3.4404,
    "target_diff__vs__nontarget_same_mindcf": 0.2214,
    "target_diff__vs__nontarget_same_n_target": 490000,
    "target_diff__vs__nontarget_same_n_nontarget": 490000,
    "target_same__vs__nontarget_diff_eer": 3.4285,
    "target_same__vs__nontarget_diff_mindcf": 0.2229,
    "target_same__vs__nontarget_diff_n_target": 150000,
    "target_same__vs__nontarget_diff_n_nontarget": 150000,
    "target_same__vs__nontarget_same_eer": 3.28,
    "target_same__vs__nontarget_same_mindcf": 0.1951,
    "target_same__vs__nontarget_same_n_target": 150000,
    "target_same__vs__nontarget_same_n_nontarget": 490000,
    "overall_eer": 3.4344,
    "overall_mindcf": 0.2237
  }
}