Subcategory,Task1 Pairs,Task2 Pairs
"Target, Same Language",500000,150000
"Target, Different Languages",1500000,490000
"Nontarget, Same Language",1500000,490000
"Nontarget, Different Languages",500000,150000

Condition,Task1 EER(%),Task1 minDCF,Task2 EER(%),Task2 minDCF
Target: Diff Lang vs Non-target: Diff Lang,2.18,0.1523,3.58,0.2499
Target: Diff Lang vs Non-target: Same Lang,2.71,0.2001,3.44,0.2214
Target: Same Lang vs Non-target: Diff Lang,1.90,0.1439,3.43,0.2229
Target: Same Lang vs Non-target: Same Lang,2.39,0.1927,3.28,0.1951
Overall (All Targets vs All Non-targets),2.52,0.1892,3.43,0.2237
