Subcategory,Task1 Pairs,Task2 Pairs
"Target, Same Language",500000,150000
"Target, Different Languages",1500000,490000
"Nontarget, Same Language",1500000,490000
"Nontarget, Different Languages",500000,150000

Condition,Task1 EER(%),Task1 minDCF,Task2 EER(%),Task2 minDCF
Target: Diff Lang vs Non-target: Diff Lang,2.33,0.1499,1.92,0.1432
Target: Diff Lang vs Non-target: Same Lang,2.58,0.1816,2.99,0.1960
Target: Same Lang vs Non-target: Diff Lang,1.97,0.1451,2.04,0.1482
Target: Same Lang vs Non-target: Same Lang,2.22,0.1777,3.23,0.1982
Overall (All Targets vs All Non-targets),2.43,0.1746,2.84,0.1889
