{
  "task1": {
    "target_diff__vs__nontarget_diff_eer": 2.3339,
    "target_diff__vs__nontarget_diff_mindcf": 0.1499,
    "target_diff__vs__nontarget_diff_n_target": 1500000,
    "target_diff__vs__nontarget_diff_n_nontarget": 500000,
    "target_diff__vs__nontarget_same_eer": 2.5806,
    "target_diff__vs__nontarget_same_mindcf": 0.1816,
    "target_diff__vs__nontarget_same_n_target": 1500000,
    "target_diff__vs__nontarget_same_n_nontarget": 1500000,
    "target_same__vs__nontarget_diff_eer": 1.9684,
    "target_same__vs__nontarget_diff_mindcf": 0.1451,
    "target_same__vs__nontarget_diff_n_target": 500000,
    "target_same__vs__nontarget_diff_n_nontarget": 500000,
    "target_same__vs__nontarget_same_eer": 2.22,
    "target_same__vs__nontarget_same_mindcf": 0.1777,
    "target_same__vs__nontarget_same_n_target": 500000,
    "target_same__vs__nontarget_same_n_nontarget": 1500000,
    "overall_eer": 2.4287,
    "overall_mindcf": 0.1746
  },
  "task2": {
    "target_diff__vs__nontarget_diff_eer": 1.9237,
    "target_diff__vs__nontarget_diff_mindcf": 0.1432,
    "target_diff__vs__nontarget_diff_n_target": 490000,
    "target_diff__vs__nontarget_diff_n_nontarget": 150000,
    "target_diff__vs__nontarget_same_eer": 2.9883,
    "target_diff__vs__nontarget_same_mindcf": 0.196,
    "target_diff__vs__nontarget_same_n_target": 490000,
    "target_diff__vs__nontarget_same_n_nontarget": 490000,
    "target_same__vs__nontarget_diff_eer": 2.0422,
    "target_same__vs__nontarget_diff_mindcf": 0.1482,
    "target_same__vs__nontarget_diff_n_target": 150000,
    "target_same__vs__nontarget_diff_n_nontarget": 150000,
    "target_same__vs__nontarget_same_eer": 3.2331,
    "target_same__vs__nontarget_same_mindcf": 0.1982,
    "target_same__vs__nontarget_same_n_target": 150000,
    "target_same__vs__nontarget_same_n_nontarget": 490000,
    "overall_eer": 2.8415,
    "overall_mindcf": 0.1889
  }
}