Subcategory,Task1 Pairs,Task2 Pairs
"Target, Same Language",500000,150000
"Target, Different Languages",1500000,490000
"Nontarget, Same Language",1500000,490000
"Nontarget, Different Languages",500000,150000

Condition,Task1 EER(%),Task1 minDCF,Task2 EER(%),Task2 minDCF
Target: Diff Lang vs Non-target: Diff Lang,1.25,0.0878,1.11,0.0612
Target: Diff Lang vs Non-target: Same Lang,1.40,0.0969,1.87,0.0532
Target: Same Lang vs Non-target: Diff Lang,1.33,0.0947,1.17,0.0707
Target: Same Lang vs Non-target: Same Lang,1.49,0.1045,2.45,0.0626
Overall (All Targets vs All Non-targets),1.39,0.0968,1.95,0.0583
