{
  "task1": {
    "target_diff__vs__nontarget_diff_eer": 1.2522,
    "target_diff__vs__nontarget_diff_mindcf": 0.0878,
    "target_diff__vs__nontarget_diff_n_target": 1500000,
    "target_diff__vs__nontarget_diff_n_nontarget": 500000,
    "target_diff__vs__nontarget_same_eer": 1.4027,
    "target_diff__vs__nontarget_same_mindcf": 0.0969,
    "target_diff__vs__nontarget_same_n_target": 1500000,
    "target_diff__vs__nontarget_same_n_nontarget": 1500000,
    "target_same__vs__nontarget_diff_eer": 1.326,
    "target_same__vs__nontarget_diff_mindcf": 0.0947,
    "target_same__vs__nontarget_diff_n_target": 500000,
    "target_same__vs__nontarget_diff_n_nontarget": 500000,
    "target_same__vs__nontarget_same_eer": 1.493,
    "target_same__vs__nontarget_same_mindcf": 0.1045,
    "target_same__vs__nontarget_same_n_target": 500000,
    "target_same__vs__nontarget_same_n_nontarget": 1500000,
    "overall_eer": 1.3904,
    "overall_mindcf": 0.0968
  },
  "task2": {
    "target_diff__vs__nontarget_diff_eer": 1.1069,
    "target_diff__vs__nontarget_diff_mindcf": 0.0612,
    "target_diff__vs__nontarget_diff_n_target": 490000,
    "target_diff__vs__nontarget_diff_n_nontarget": 150000,
    "target_diff__vs__nontarget_same_eer": 1.8722,
    "target_diff__vs__nontarget_same_mindcf": 0.0532,
    "target_diff__vs__nontarget_same_n_target": 490000,
    "target_diff__vs__nontarget_same_n_nontarget": 490000,
    "target_same__vs__nontarget_diff_eer": 1.1709,
    "target_same__vs__nontarget_diff_mindcf": 0.0707,
    "target_same__vs__nontarget_diff_n_target": 150000,
    "target_same__vs__nontarget_diff_n_nontarget": 150000,
    "target_same__vs__nontarget_same_eer": 2.4473,
    "target_same__vs__nontarget_same_mindcf": 0.0626,
    "target_same__vs__nontarget_same_n_target": 150000,
    "target_same__vs__nontarget_same_n_nontarget": 490000,
    "overall_eer": 1.9466,
    "overall_mindcf": 0.0583
  }
}