{
  "task1": {
    "target_diff__vs__nontarget_diff_eer": 14.2548,
    "target_diff__vs__nontarget_diff_mindcf": 0.6726,
    "target_diff__vs__nontarget_diff_n_target": 1500000,
    "target_diff__vs__nontarget_diff_n_nontarget": 500000,
    "target_diff__vs__nontarget_same_eer": 15.2726,
    "target_diff__vs__nontarget_same_mindcf": 0.7491,
    "target_diff__vs__nontarget_same_n_target": 1500000,
    "target_diff__vs__nontarget_same_n_nontarget": 1500000,
    "target_same__vs__nontarget_diff_eer": 14.3427,
    "target_same__vs__nontarget_diff_mindcf": 0.658,
    "target_same__vs__nontarget_diff_n_target": 500000,
    "target_same__vs__nontarget_diff_n_nontarget": 500000,
    "target_same__vs__nontarget_same_eer": 15.2852,
    "target_same__vs__nontarget_same_mindcf": 0.7333,
    "target_same__vs__nontarget_same_n_target": 500000,
    "target_same__vs__nontarget_same_n_nontarget": 1500000,
    "overall_eer": 15.0262,
    "overall_mindcf": 0.7313
  },
  "task2": {
    "target_diff__vs__nontarget_diff_eer": 16.3712,
    "target_diff__vs__nontarget_diff_mindcf": 0.6665,
    "target_diff__vs__nontarget_diff_n_target": 490000,
    "target_diff__vs__nontarget_diff_n_nontarget": 150000,
    "target_diff__vs__nontarget_same_eer": 20.1457,
    "target_diff__vs__nontarget_same_mindcf": 0.743,
    "target_diff__vs__nontarget_same_n_target": 490000,
    "target_diff__vs__nontarget_same_n_nontarget": 490000,
    "target_same__vs__nontarget_diff_eer": 12.766,
    "target_same__vs__nontarget_diff_mindcf": 0.5924,
    "target_same__vs__nontarget_diff_n_target": 150000,
    "target_same__vs__nontarget_diff_n_nontarget": 150000,
    "target_same__vs__nontarget_same_eer": 15.7795,
    "target_same__vs__nontarget_same_mindcf": 0.6748,
    "target_same__vs__nontarget_same_n_target": 150000,
    "target_same__vs__nontarget_same_n_nontarget": 490000,
    "overall_eer": 18.4059,
    "overall_mindcf": 0.7169
  }
}