Subcategory,Task1 Pairs,Task2 Pairs
"Target, Same Language",500000,150000
"Target, Different Languages",1500000,490000
"Nontarget, Same Language",1500000,490000
"Nontarget, Different Languages",500000,150000

Condition,Task1 EER(%),Task1 minDCF,Task2 EER(%),Task2 minDCF
Target: Diff Lang vs Non-target: Diff Lang,14.25,0.6726,16.37,0.6665
Target: Diff Lang vs Non-target: Same Lang,15.27,0.7491,20.15,0.7430
Target: Same Lang vs Non-target: Diff Lang,14.34,0.6580,12.77,0.5924
Target: Same Lang vs Non-target: Same Lang,15.29,0.7333,15.78,0.6748
Overall (All Targets vs All Non-targets),15.03,0.7313,18.41,0.7169
