Subcategory,Task1 Pairs,Task2 Pairs
"Target, Same Language",500000,150000
"Target, Different Languages",1500000,490000
"Nontarget, Same Language",1500000,490000
"Nontarget, Different Languages",500000,150000

Condition,Task1 EER(%),Task1 minDCF,Task2 EER(%),Task2 minDCF
Target: Diff Lang vs Non-target: Diff Lang,21.92,0.9921,22.82,0.9813
Target: Diff Lang vs Non-target: Same Lang,21.15,0.9828,23.06,0.9574
Target: Same Lang vs Non-target: Diff Lang,22.32,0.9945,22.91,0.9911
Target: Same Lang vs Non-target: Same Lang,21.53,0.9872,23.16,0.9837
Overall (All Targets vs All Non-targets),21.44,0.9872,23.03,0.9735
