{
  "task1": {
    "target_diff__vs__nontarget_diff_eer": 21.9167,
    "target_diff__vs__nontarget_diff_mindcf": 0.9921,
    "target_diff__vs__nontarget_diff_n_target": 1500000,
    "target_diff__vs__nontarget_diff_n_nontarget": 500000,
    "target_diff__vs__nontarget_same_eer": 21.1478,
    "target_diff__vs__nontarget_same_mindcf": 0.9828,
    "target_diff__vs__nontarget_same_n_target": 1500000,
    "target_diff__vs__nontarget_same_n_nontarget": 1500000,
    "target_same__vs__nontarget_diff_eer": 22.3239,
    "target_same__vs__nontarget_diff_mindcf": 0.9945,
    "target_same__vs__nontarget_diff_n_target": 500000,
    "target_same__vs__nontarget_diff_n_nontarget": 500000,
    "target_same__vs__nontarget_same_eer": 21.5269,
    "target_same__vs__nontarget_same_mindcf": 0.9872,
    "target_same__vs__nontarget_same_n_target": 500000,
    "target_same__vs__nontarget_same_n_nontarget": 1500000,
    "overall_eer": 21.444,
    "overall_mindcf": 0.9872
  },
  "task2": {
    "target_diff__vs__nontarget_diff_eer": 22.8202,
    "target_diff__vs__nontarget_diff_mindcf": 0.9813,
    "target_diff__vs__nontarget_diff_n_target": 490000,
    "target_diff__vs__nontarget_diff_n_nontarget": 150000,
    "target_diff__vs__nontarget_same_eer": 23.0598,
    "target_diff__vs__nontarget_same_mindcf": 0.9574,
    "target_diff__vs__nontarget_same_n_target": 490000,
    "target_diff__vs__nontarget_same_n_nontarget": 490000,
    "target_same__vs__nontarget_diff_eer": 22.9078,
    "target_same__vs__nontarget_diff_mindcf": 0.9911,
    "target_same__vs__nontarget_diff_n_target": 150000,
    "target_same__vs__nontarget_diff_n_nontarget": 150000,
    "target_same__vs__nontarget_same_eer": 23.1588,
    "target_same__vs__nontarget_same_mindcf": 0.9837,
    "target_same__vs__nontarget_same_n_target": 150000,
    "target_same__vs__nontarget_same_n_nontarget": 490000,
    "overall_eer": 23.0286,
    "overall_mindcf": 0.9735
  }
}