{
  "task1": {
    "target_diff__vs__nontarget_diff_eer": 1.7098,
    "target_diff__vs__nontarget_diff_mindcf": 0.1212,
    "target_diff__vs__nontarget_diff_n_target": 1500000,
    "target_diff__vs__nontarget_diff_n_nontarget": 500000,
    "target_diff__vs__nontarget_same_eer": 2.4939,
    "target_diff__vs__nontarget_same_mindcf": 0.1966,
    "target_diff__vs__nontarget_same_n_target": 1500000,
    "target_diff__vs__nontarget_same_n_nontarget": 1500000,
    "target_same__vs__nontarget_diff_eer": 1.3076,
    "target_same__vs__nontarget_diff_mindcf": 0.1019,
    "target_same__vs__nontarget_diff_n_target": 500000,
    "target_same__vs__nontarget_diff_n_nontarget": 500000,
    "target_same__vs__nontarget_same_eer": 1.9512,
    "target_same__vs__nontarget_same_mindcf": 0.1731,
    "target_same__vs__nontarget_same_n_target": 500000,
    "target_same__vs__nontarget_same_n_nontarget": 1500000,
    "overall_eer": 2.2097,
    "overall_mindcf": 0.1797
  },
  "task2": {
    "target_diff__vs__nontarget_diff_eer": 2.8871,
    "target_diff__vs__nontarget_diff_mindcf": 0.2102,
    "target_diff__vs__nontarget_diff_n_target": 490000,
    "target_diff__vs__nontarget_diff_n_nontarget": 150000,
    "target_diff__vs__nontarget_same_eer": 3.1447,
    "target_diff__vs__nontarget_same_mindcf": 0.2204,
    "target_diff__vs__nontarget_same_n_target": 490000,
    "target_diff__vs__nontarget_same_n_nontarget": 490000,
    "target_same__vs__nontarget_diff_eer": 2.4947,
    "target_same__vs__nontarget_diff_mindcf": 0.1484,
    "target_same__vs__nontarget_diff_n_target": 150000,
    "target_same__vs__nontarget_diff_n_nontarget": 150000,
    "target_same__vs__nontarget_same_eer": 2.6807,
    "target_same__vs__nontarget_same_mindcf": 0.1593,
    "target_same__vs__nontarget_same_n_target": 150000,
    "target_same__vs__nontarget_same_n_nontarget": 490000,
    "overall_eer": 2.991,
    "overall_mindcf": 0.2045
  }
}