Subcategory,Task1 Pairs,Task2 Pairs
"Target, Same Language",500000,150000
"Target, Different Languages",1500000,490000
"Nontarget, Same Language",1500000,490000
"Nontarget, Different Languages",500000,150000

Condition,Task1 EER(%),Task1 minDCF,Task2 EER(%),Task2 minDCF
Target: Diff Lang vs Non-target: Diff Lang,1.71,0.1212,2.89,0.2102
Target: Diff Lang vs Non-target: Same Lang,2.49,0.1966,3.14,0.2204
Target: Same Lang vs Non-target: Diff Lang,1.31,0.1019,2.49,0.1484
Target: Same Lang vs Non-target: Same Lang,1.95,0.1731,2.68,0.1593
Overall (All Targets vs All Non-targets),2.21,0.1797,2.99,0.2045
