{
  "task1": {
    "target_diff__vs__nontarget_diff_eer": 20.3244,
    "target_diff__vs__nontarget_diff_mindcf": 0.981,
    "target_diff__vs__nontarget_diff_n_target": 1500000,
    "target_diff__vs__nontarget_diff_n_nontarget": 500000,
    "target_diff__vs__nontarget_same_eer": 21.7862,
    "target_diff__vs__nontarget_same_mindcf": 0.9998,
    "target_diff__vs__nontarget_same_n_target": 1500000,
    "target_diff__vs__nontarget_same_n_nontarget": 1500000,
    "target_same__vs__nontarget_diff_eer": 19.6703,
    "target_same__vs__nontarget_diff_mindcf": 0.9654,
    "target_same__vs__nontarget_diff_n_target": 500000,
    "target_same__vs__nontarget_diff_n_nontarget": 500000,
    "target_same__vs__nontarget_same_eer": 21.1385,
    "target_same__vs__nontarget_same_mindcf": 0.9974,
    "target_same__vs__nontarget_same_n_target": 500000,
    "target_same__vs__nontarget_same_n_nontarget": 1500000,
    "overall_eer": 21.2497,
    "overall_mindcf": 0.9988
  },
  "task2": {
    "target_diff__vs__nontarget_diff_eer": 23.2601,
    "target_diff__vs__nontarget_diff_mindcf": 0.9852,
    "target_diff__vs__nontarget_diff_n_target": 490000,
    "target_diff__vs__nontarget_diff_n_nontarget": 150000,
    "target_diff__vs__nontarget_same_eer": 23.5527,
    "target_diff__vs__nontarget_same_mindcf": 0.9987,
    "target_diff__vs__nontarget_same_n_target": 490000,
    "target_diff__vs__nontarget_same_n_nontarget": 490000,
    "target_same__vs__nontarget_diff_eer": 18.7405,
    "target_same__vs__nontarget_diff_mindcf": 0.9533,
    "target_same__vs__nontarget_diff_n_target": 150000,
    "target_same__vs__nontarget_diff_n_nontarget": 150000,
    "target_same__vs__nontarget_same_eer": 18.8612,
    "target_same__vs__nontarget_same_mindcf": 0.9872,
    "target_same__vs__nontarget_same_n_target": 150000,
    "target_same__vs__nontarget_same_n_nontarget": 490000,
    "overall_eer": 22.3557,
    "overall_mindcf": 0.9963
  }
}