Subcategory,Task1 Pairs,Task2 Pairs
"Target, Same Language",500000,150000
"Target, Different Languages",1500000,490000
"Nontarget, Same Language",1500000,490000
"Nontarget, Different Languages",500000,150000

Condition,Task1 EER(%),Task1 minDCF,Task2 EER(%),Task2 minDCF
Target: Diff Lang vs Non-target: Diff Lang,20.32,0.9810,23.26,0.9852
Target: Diff Lang vs Non-target: Same Lang,21.79,0.9998,23.55,0.9987
Target: Same Lang vs Non-target: Diff Lang,19.67,0.9654,18.74,0.9533
Target: Same Lang vs Non-target: Same Lang,21.14,0.9974,18.86,0.9872
Overall (All Targets vs All Non-targets),21.25,0.9988,22.36,0.9963
