Subcategory,Task1 Pairs,Task2 Pairs
"Target, Same Language",500000,150000
"Target, Different Languages",1500000,490000
"Nontarget, Same Language",1500000,490000
"Nontarget, Different Languages",500000,150000

Condition,Task1 EER(%),Task1 minDCF,Task2 EER(%),Task2 minDCF
Target: Diff Lang vs Non-target: Diff Lang,1.49,0.1180,1.43,0.1747
Target: Diff Lang vs Non-target: Same Lang,2.86,0.2331,5.20,0.3149
Target: Same Lang vs Non-target: Diff Lang,1.08,0.0889,1.05,0.1318
Target: Same Lang vs Non-target: Same Lang,2.15,0.1807,3.99,0.2592
Overall (All Targets vs All Non-targets),2.46,0.2064,4.45,0.2884
