{
  "task1": {
    "target_diff__vs__nontarget_diff_eer": 1.4939,
    "target_diff__vs__nontarget_diff_mindcf": 0.118,
    "target_diff__vs__nontarget_diff_n_target": 1500000,
    "target_diff__vs__nontarget_diff_n_nontarget": 500000,
    "target_diff__vs__nontarget_same_eer": 2.8602,
    "target_diff__vs__nontarget_same_mindcf": 0.2331,
    "target_diff__vs__nontarget_same_n_target": 1500000,
    "target_diff__vs__nontarget_same_n_nontarget": 1500000,
    "target_same__vs__nontarget_diff_eer": 1.0756,
    "target_same__vs__nontarget_diff_mindcf": 0.0889,
    "target_same__vs__nontarget_diff_n_target": 500000,
    "target_same__vs__nontarget_diff_n_nontarget": 500000,
    "target_same__vs__nontarget_same_eer": 2.1453,
    "target_same__vs__nontarget_same_mindcf": 0.1807,
    "target_same__vs__nontarget_same_n_target": 500000,
    "target_same__vs__nontarget_same_n_nontarget": 1500000,
    "overall_eer": 2.4581,
    "overall_mindcf": 0.2064
  },
  "task2": {
    "target_diff__vs__nontarget_diff_eer": 1.4324,
    "target_diff__vs__nontarget_diff_mindcf": 0.1747,
    "target_diff__vs__nontarget_diff_n_target": 490000,
    "target_diff__vs__nontarget_diff_n_nontarget": 150000,
    "target_diff__vs__nontarget_same_eer": 5.1959,
    "target_diff__vs__nontarget_same_mindcf": 0.3149,
    "target_diff__vs__nontarget_same_n_target": 490000,
    "target_diff__vs__nontarget_same_n_nontarget": 490000,
    "target_same__vs__nontarget_diff_eer": 1.0487,
    "target_same__vs__nontarget_diff_mindcf": 0.1318,
    "target_same__vs__nontarget_diff_n_target": 150000,
    "target_same__vs__nontarget_diff_n_nontarget": 150000,
    "target_same__vs__nontarget_same_eer": 3.9942,
    "target_same__vs__nontarget_same_mindcf": 0.2592,
    "target_same__vs__nontarget_same_n_target": 150000,
    "target_same__vs__nontarget_same_n_nontarget": 490000,
    "overall_eer": 4.4514,
    "overall_mindcf": 0.2884
  }
}