Subcategory,Task1 Pairs,Task2 Pairs
"Target, Same Language",500000,150000
"Target, Different Languages",1500000,490000
"Nontarget, Same Language",1500000,490000
"Nontarget, Different Languages",500000,150000

Condition,Task1 EER(%),Task1 minDCF,Task2 EER(%),Task2 minDCF
Target: Diff Lang vs Non-target: Diff Lang,4.50,0.2717,3.72,0.3613
Target: Diff Lang vs Non-target: Same Lang,5.36,0.3493,8.61,0.5847
Target: Same Lang vs Non-target: Diff Lang,4.27,0.2663,3.97,0.3193
Target: Same Lang vs Non-target: Same Lang,5.15,0.3429,8.56,0.5649
Overall (All Targets vs All Non-targets),5.10,0.3349,7.74,0.5666
