{
  "task1": {
    "target_diff__vs__nontarget_diff_eer": 4.5028,
    "target_diff__vs__nontarget_diff_mindcf": 0.2717,
    "target_diff__vs__nontarget_diff_n_target": 1500000,
    "target_diff__vs__nontarget_diff_n_nontarget": 500000,
    "target_diff__vs__nontarget_same_eer": 5.3588,
    "target_diff__vs__nontarget_same_mindcf": 0.3493,
    "target_diff__vs__nontarget_same_n_target": 1500000,
    "target_diff__vs__nontarget_same_n_nontarget": 1500000,
    "target_same__vs__nontarget_diff_eer": 4.271,
    "target_same__vs__nontarget_diff_mindcf": 0.2663,
    "target_same__vs__nontarget_diff_n_target": 500000,
    "target_same__vs__nontarget_diff_n_nontarget": 500000,
    "target_same__vs__nontarget_same_eer": 5.152,
    "target_same__vs__nontarget_same_mindcf": 0.3429,
    "target_same__vs__nontarget_same_n_target": 500000,
    "target_same__vs__nontarget_same_n_nontarget": 1500000,
    "overall_eer": 5.0961,
    "overall_mindcf": 0.3349
  },
  "task2": {
    "target_diff__vs__nontarget_diff_eer": 3.7194,
    "target_diff__vs__nontarget_diff_mindcf": 0.3613,
    "target_diff__vs__nontarget_diff_n_target": 490000,
    "target_diff__vs__nontarget_diff_n_nontarget": 150000,
    "target_diff__vs__nontarget_same_eer": 8.6092,
    "target_diff__vs__nontarget_same_mindcf": 0.5847,
    "target_diff__vs__nontarget_same_n_target": 490000,
    "target_diff__vs__nontarget_same_n_nontarget": 490000,
    "target_same__vs__nontarget_diff_eer": 3.9743,
    "target_same__vs__nontarget_diff_mindcf": 0.3193,
    "target_same__vs__nontarget_diff_n_target": 150000,
    "target_same__vs__nontarget_diff_n_nontarget": 150000,
    "target_same__vs__nontarget_same_eer": 8.562,
    "target_same__vs__nontarget_same_mindcf": 0.5649,
    "target_same__vs__nontarget_same_n_target": 150000,
    "target_same__vs__nontarget_same_n_nontarget": 490000,
    "overall_eer": 7.7363,
    "overall_mindcf": 0.5666
  }
}