{
  "task1": {
    "target_diff__vs__nontarget_diff_eer": 6.63,
    "target_diff__vs__nontarget_diff_mindcf": 0.4435,
    "target_diff__vs__nontarget_diff_n_target": 1500000,
    "target_diff__vs__nontarget_diff_n_nontarget": 500000,
    "target_diff__vs__nontarget_same_eer": 10.0749,
    "target_diff__vs__nontarget_same_mindcf": 0.699,
    "target_diff__vs__nontarget_same_n_target": 1500000,
    "target_diff__vs__nontarget_same_n_nontarget": 1500000,
    "target_same__vs__nontarget_diff_eer": 5.7704,
    "target_same__vs__nontarget_diff_mindcf": 0.3987,
    "target_same__vs__nontarget_diff_n_target": 500000,
    "target_same__vs__nontarget_diff_n_nontarget": 500000,
    "target_same__vs__nontarget_same_eer": 8.9788,
    "target_same__vs__nontarget_same_mindcf": 0.6392,
    "target_same__vs__nontarget_same_n_target": 500000,
    "target_same__vs__nontarget_same_n_nontarget": 1500000,
    "overall_eer": 9.0574,
    "overall_mindcf": 0.6576
  },
  "task2": {
    "target_diff__vs__nontarget_diff_eer": 7.8183,
    "target_diff__vs__nontarget_diff_mindcf": 0.4862,
    "target_diff__vs__nontarget_diff_n_target": 490000,
    "target_diff__vs__nontarget_diff_n_nontarget": 150000,
    "target_diff__vs__nontarget_same_eer": 12.4004,
    "target_diff__vs__nontarget_same_mindcf": 0.6331,
    "target_diff__vs__nontarget_same_n_target": 490000,
    "target_diff__vs__nontarget_same_n_nontarget": 490000,
    "target_same__vs__nontarget_diff_eer": 8.2531,
    "target_same__vs__nontarget_diff_mindcf": 0.4433,
    "target_same__vs__nontarget_diff_n_target": 150000,
    "target_same__vs__nontarget_diff_n_nontarget": 150000,
    "target_same__vs__nontarget_same_eer": 12.5784,
    "target_same__vs__nontarget_same_mindcf": 0.6012,
    "target_same__vs__nontarget_same_n_target": 150000,
    "target_same__vs__nontarget_same_n_nontarget": 490000,
    "overall_eer": 11.597,
    "overall_mindcf": 0.6071
  }
}