Subcategory,Task1 Pairs,Task2 Pairs
"Target, Same Language",500000,150000
"Target, Different Languages",1500000,490000
"Nontarget, Same Language",1500000,490000
"Nontarget, Different Languages",500000,150000

Condition,Task1 EER(%),Task1 minDCF,Task2 EER(%),Task2 minDCF
Target: Diff Lang vs Non-target: Diff Lang,4.89,0.2901,5.11,0.3227
Target: Diff Lang vs Non-target: Same Lang,5.88,0.3653,7.82,0.4627
Target: Same Lang vs Non-target: Diff Lang,4.34,0.2757,5.18,0.3039
Target: Same Lang vs Non-target: Same Lang,5.28,0.3495,7.89,0.4565
Overall (All Targets vs All Non-targets),5.50,0.3491,7.24,0.4476
