{
  "task1": {
    "target_diff__vs__nontarget_diff_eer": 4.8862,
    "target_diff__vs__nontarget_diff_mindcf": 0.2901,
    "target_diff__vs__nontarget_diff_n_target": 1500000,
    "target_diff__vs__nontarget_diff_n_nontarget": 500000,
    "target_diff__vs__nontarget_same_eer": 5.8773,
    "target_diff__vs__nontarget_same_mindcf": 0.3653,
    "target_diff__vs__nontarget_same_n_target": 1500000,
    "target_diff__vs__nontarget_same_n_nontarget": 1500000,
    "target_same__vs__nontarget_diff_eer": 4.3384,
    "target_same__vs__nontarget_diff_mindcf": 0.2757,
    "target_same__vs__nontarget_diff_n_target": 500000,
    "target_same__vs__nontarget_diff_n_nontarget": 500000,
    "target_same__vs__nontarget_same_eer": 5.2844,
    "target_same__vs__nontarget_same_mindcf": 0.3495,
    "target_same__vs__nontarget_same_n_target": 500000,
    "target_same__vs__nontarget_same_n_nontarget": 1500000,
    "overall_eer": 5.4958,
    "overall_mindcf": 0.3491
  },
  "task2": {
    "target_diff__vs__nontarget_diff_eer": 5.1141,
    "target_diff__vs__nontarget_diff_mindcf": 0.3227,
    "target_diff__vs__nontarget_diff_n_target": 490000,
    "target_diff__vs__nontarget_diff_n_nontarget": 150000,
    "target_diff__vs__nontarget_same_eer": 7.8172,
    "target_diff__vs__nontarget_same_mindcf": 0.4627,
    "target_diff__vs__nontarget_same_n_target": 490000,
    "target_diff__vs__nontarget_same_n_nontarget": 490000,
    "target_same__vs__nontarget_diff_eer": 5.1826,
    "target_same__vs__nontarget_diff_mindcf": 0.3039,
    "target_same__vs__nontarget_diff_n_target": 150000,
    "target_same__vs__nontarget_diff_n_nontarget": 150000,
    "target_same__vs__nontarget_same_eer": 7.8869,
    "target_same__vs__nontarget_same_mindcf": 0.4565,
    "target_same__vs__nontarget_same_n_target": 150000,
    "target_same__vs__nontarget_same_n_nontarget": 490000,
    "overall_eer": 7.2372,
    "overall_mindcf": 0.4476
  }
}