{
  "task1": {
    "target_diff__vs__nontarget_diff_eer": 4.1449,
    "target_diff__vs__nontarget_diff_mindcf": 0.2502,
    "target_diff__vs__nontarget_diff_n_target": 1500000,
    "target_diff__vs__nontarget_diff_n_nontarget": 500000,
    "target_diff__vs__nontarget_same_eer": 5.0964,
    "target_diff__vs__nontarget_same_mindcf": 0.3171,
    "target_diff__vs__nontarget_same_n_target": 1500000,
    "target_diff__vs__nontarget_same_n_nontarget": 1500000,
    "target_same__vs__nontarget_diff_eer": 3.6718,
    "target_same__vs__nontarget_diff_mindcf": 0.2472,
    "target_same__vs__nontarget_diff_n_target": 500000,
    "target_same__vs__nontarget_diff_n_nontarget": 500000,
    "target_same__vs__nontarget_same_eer": 4.6096,
    "target_same__vs__nontarget_same_mindcf": 0.3179,
    "target_same__vs__nontarget_same_n_target": 500000,
    "target_same__vs__nontarget_same_n_nontarget": 1500000,
    "overall_eer": 4.7513,
    "overall_mindcf": 0.3063
  },
  "task2": {
    "target_diff__vs__nontarget_diff_eer": 4.4005,
    "target_diff__vs__nontarget_diff_mindcf": 0.2851,
    "target_diff__vs__nontarget_diff_n_target": 490000,
    "target_diff__vs__nontarget_diff_n_nontarget": 150000,
    "target_diff__vs__nontarget_same_eer": 6.5192,
    "target_diff__vs__nontarget_same_mindcf": 0.3966,
    "target_diff__vs__nontarget_same_n_target": 490000,
    "target_diff__vs__nontarget_same_n_nontarget": 490000,
    "target_same__vs__nontarget_diff_eer": 5.1324,
    "target_same__vs__nontarget_diff_mindcf": 0.3003,
    "target_same__vs__nontarget_diff_n_target": 150000,
    "target_same__vs__nontarget_diff_n_nontarget": 150000,
    "target_same__vs__nontarget_same_eer": 7.4367,
    "target_same__vs__nontarget_same_mindcf": 0.4208,
    "target_same__vs__nontarget_same_n_target": 150000,
    "target_same__vs__nontarget_same_n_nontarget": 490000,
    "overall_eer": 6.2974,
    "overall_mindcf": 0.3896
  }
}