Subcategory,Task1 Pairs,Task2 Pairs
"Target, Same Language",500000,150000
"Target, Different Languages",1500000,490000
"Nontarget, Same Language",1500000,490000
"Nontarget, Different Languages",500000,150000

Condition,Task1 EER(%),Task1 minDCF,Task2 EER(%),Task2 minDCF
Target: Diff Lang vs Non-target: Diff Lang,4.14,0.2502,4.40,0.2851
Target: Diff Lang vs Non-target: Same Lang,5.10,0.3171,6.52,0.3966
Target: Same Lang vs Non-target: Diff Lang,3.67,0.2472,5.13,0.3003
Target: Same Lang vs Non-target: Same Lang,4.61,0.3179,7.44,0.4208
Overall (All Targets vs All Non-targets),4.75,0.3063,6.30,0.3896
