Subcategory,Task1 Pairs,Task2 Pairs
"Target, Same Language",500000,150000
"Target, Different Languages",1500000,490000
"Nontarget, Same Language",1500000,490000
"Nontarget, Different Languages",500000,150000

Condition,Task1 EER(%),Task1 minDCF,Task2 EER(%),Task2 minDCF
Target: Diff Lang vs Non-target: Diff Lang,4.07,0.2497,6.26,0.3814
Target: Diff Lang vs Non-target: Same Lang,4.59,0.2984,6.08,0.3266
Target: Same Lang vs Non-target: Diff Lang,3.60,0.2499,6.28,0.3975
Target: Same Lang vs Non-target: Same Lang,4.11,0.3017,6.13,0.3324
Overall (All Targets vs All Non-targets),4.34,0.2899,6.13,0.3472
