{
  "task1": {
    "target_diff__vs__nontarget_diff_eer": 4.0706,
    "target_diff__vs__nontarget_diff_mindcf": 0.2497,
    "target_diff__vs__nontarget_diff_n_target": 1500000,
    "target_diff__vs__nontarget_diff_n_nontarget": 500000,
    "target_diff__vs__nontarget_same_eer": 4.5863,
    "target_diff__vs__nontarget_same_mindcf": 0.2984,
    "target_diff__vs__nontarget_same_n_target": 1500000,
    "target_diff__vs__nontarget_same_n_nontarget": 1500000,
    "target_same__vs__nontarget_diff_eer": 3.6001,
    "target_same__vs__nontarget_diff_mindcf": 0.2499,
    "target_same__vs__nontarget_diff_n_target": 500000,
    "target_same__vs__nontarget_diff_n_nontarget": 500000,
    "target_same__vs__nontarget_same_eer": 4.1116,
    "target_same__vs__nontarget_same_mindcf": 0.3017,
    "target_same__vs__nontarget_same_n_target": 500000,
    "target_same__vs__nontarget_same_n_nontarget": 1500000,
    "overall_eer": 4.343,
    "overall_mindcf": 0.2899
  },
  "task2": {
    "target_diff__vs__nontarget_diff_eer": 6.2578,
    "target_diff__vs__nontarget_diff_mindcf": 0.3814,
    "target_diff__vs__nontarget_diff_n_target": 490000,
    "target_diff__vs__nontarget_diff_n_nontarget": 150000,
    "target_diff__vs__nontarget_same_eer": 6.0841,
    "target_diff__vs__nontarget_same_mindcf": 0.3266,
    "target_diff__vs__nontarget_same_n_target": 490000,
    "target_diff__vs__nontarget_same_n_nontarget": 490000,
    "target_same__vs__nontarget_diff_eer": 6.2833,
    "target_same__vs__nontarget_diff_mindcf": 0.3975,
    "target_same__vs__nontarget_diff_n_target": 150000,
    "target_same__vs__nontarget_diff_n_nontarget": 150000,
    "target_same__vs__nontarget_same_eer": 6.128,
    "target_same__vs__nontarget_same_mindcf": 0.3324,
    "target_same__vs__nontarget_same_n_target": 150000,
    "target_same__vs__nontarget_same_n_nontarget": 490000,
    "overall_eer": 6.127,
    "overall_mindcf": 0.3472
  }
}