{
  "task1": {
    "target_diff__vs__nontarget_diff_eer": 3.7545,
    "target_diff__vs__nontarget_diff_mindcf": 0.2605,
    "target_diff__vs__nontarget_diff_n_target": 1500000,
    "target_diff__vs__nontarget_diff_n_nontarget": 500000,
    "target_diff__vs__nontarget_same_eer": 4.0267,
    "target_diff__vs__nontarget_same_mindcf": 0.3018,
    "target_diff__vs__nontarget_same_n_target": 1500000,
    "target_diff__vs__nontarget_same_n_nontarget": 1500000,
    "target_same__vs__nontarget_diff_eer": 3.6145,
    "target_same__vs__nontarget_diff_mindcf": 0.2686,
    "target_same__vs__nontarget_diff_n_target": 500000,
    "target_same__vs__nontarget_diff_n_nontarget": 500000,
    "target_same__vs__nontarget_same_eer": 3.8974,
    "target_same__vs__nontarget_same_mindcf": 0.3121,
    "target_same__vs__nontarget_same_n_target": 500000,
    "target_same__vs__nontarget_same_n_nontarget": 1500000,
    "overall_eer": 3.9223,
    "overall_mindcf": 0.2957
  },
  "task2": {
    "target_diff__vs__nontarget_diff_eer": 4.738,
    "target_diff__vs__nontarget_diff_mindcf": 0.3591,
    "target_diff__vs__nontarget_diff_n_target": 490000,
    "target_diff__vs__nontarget_diff_n_nontarget": 150000,
    "target_diff__vs__nontarget_same_eer": 5.6357,
    "target_diff__vs__nontarget_same_mindcf": 0.3807,
    "target_diff__vs__nontarget_same_n_target": 490000,
    "target_diff__vs__nontarget_same_n_nontarget": 490000,
    "target_same__vs__nontarget_diff_eer": 5.1497,
    "target_same__vs__nontarget_diff_mindcf": 0.4112,
    "target_same__vs__nontarget_diff_n_target": 150000,
    "target_same__vs__nontarget_diff_n_nontarget": 150000,
    "target_same__vs__nontarget_same_eer": 6.1947,
    "target_same__vs__nontarget_same_mindcf": 0.4395,
    "target_same__vs__nontarget_same_n_target": 150000,
    "target_same__vs__nontarget_same_n_nontarget": 490000,
    "overall_eer": 5.5925,
    "overall_mindcf": 0.3905
  }
}