Subcategory,Task1 Pairs,Task2 Pairs
"Target, Same Language",500000,150000
"Target, Different Languages",1500000,490000
"Nontarget, Same Language",1500000,490000
"Nontarget, Different Languages",500000,150000

Condition,Task1 EER(%),Task1 minDCF,Task2 EER(%),Task2 minDCF
Target: Diff Lang vs Non-target: Diff Lang,3.75,0.2605,4.74,0.3591
Target: Diff Lang vs Non-target: Same Lang,4.03,0.3018,5.64,0.3807
Target: Same Lang vs Non-target: Diff Lang,3.61,0.2686,5.15,0.4112
Target: Same Lang vs Non-target: Same Lang,3.90,0.3121,6.19,0.4395
Overall (All Targets vs All Non-targets),3.92,0.2957,5.59,0.3905
