Subcategory,Task1 Pairs,Task2 Pairs
"Target, Same Language",500000,150000
"Target, Different Languages",1500000,490000
"Nontarget, Same Language",1500000,490000
"Nontarget, Different Languages",500000,150000

Condition,Task1 EER(%),Task1 minDCF,Task2 EER(%),Task2 minDCF
Target: Diff Lang vs Non-target: Diff Lang,17.83,0.9361,14.31,0.8667
Target: Diff Lang vs Non-target: Same Lang,21.41,0.9992,21.52,0.9687
Target: Same Lang vs Non-target: Diff Lang,16.32,0.9127,17.24,0.9316
Target: Same Lang vs Non-target: Same Lang,19.75,0.9938,25.45,0.9910
Overall (All Targets vs All Non-targets),20.15,0.9933,20.91,0.9697
