{
  "task1": {
    "target_diff__vs__nontarget_diff_eer": 17.8323,
    "target_diff__vs__nontarget_diff_mindcf": 0.9361,
    "target_diff__vs__nontarget_diff_n_target": 1500000,
    "target_diff__vs__nontarget_diff_n_nontarget": 500000,
    "target_diff__vs__nontarget_same_eer": 21.4136,
    "target_diff__vs__nontarget_same_mindcf": 0.9992,
    "target_diff__vs__nontarget_same_n_target": 1500000,
    "target_diff__vs__nontarget_same_n_nontarget": 1500000,
    "target_same__vs__nontarget_diff_eer": 16.3165,
    "target_same__vs__nontarget_diff_mindcf": 0.9127,
    "target_same__vs__nontarget_diff_n_target": 500000,
    "target_same__vs__nontarget_diff_n_nontarget": 500000,
    "target_same__vs__nontarget_same_eer": 19.7472,
    "target_same__vs__nontarget_same_mindcf": 0.9938,
    "target_same__vs__nontarget_same_n_target": 500000,
    "target_same__vs__nontarget_same_n_nontarget": 1500000,
    "overall_eer": 20.1471,
    "overall_mindcf": 0.9933
  },
  "task2": {
    "target_diff__vs__nontarget_diff_eer": 14.3147,
    "target_diff__vs__nontarget_diff_mindcf": 0.8667,
    "target_diff__vs__nontarget_diff_n_target": 490000,
    "target_diff__vs__nontarget_diff_n_nontarget": 150000,
    "target_diff__vs__nontarget_same_eer": 21.5168,
    "target_diff__vs__nontarget_same_mindcf": 0.9687,
    "target_diff__vs__nontarget_same_n_target": 490000,
    "target_diff__vs__nontarget_same_n_nontarget": 490000,
    "target_same__vs__nontarget_diff_eer": 17.2432,
    "target_same__vs__nontarget_diff_mindcf": 0.9316,
    "target_same__vs__nontarget_diff_n_target": 150000,
    "target_same__vs__nontarget_diff_n_nontarget": 150000,
    "target_same__vs__nontarget_same_eer": 25.4546,
    "target_same__vs__nontarget_same_mindcf": 0.991,
    "target_same__vs__nontarget_same_n_target": 150000,
    "target_same__vs__nontarget_same_n_nontarget": 490000,
    "overall_eer": 20.9055,
    "overall_mindcf": 0.9697
  }
}