{
  "task1": {
    "target_diff__vs__nontarget_diff_eer": 1.7191,
    "target_diff__vs__nontarget_diff_mindcf": 0.1266,
    "target_diff__vs__nontarget_diff_n_target": 1500000,
    "target_diff__vs__nontarget_diff_n_nontarget": 500000,
    "target_diff__vs__nontarget_same_eer": 3.2245,
    "target_diff__vs__nontarget_same_mindcf": 0.283,
    "target_diff__vs__nontarget_same_n_target": 1500000,
    "target_diff__vs__nontarget_same_n_nontarget": 1500000,
    "target_same__vs__nontarget_diff_eer": 1.1611,
    "target_same__vs__nontarget_diff_mindcf": 0.0951,
    "target_same__vs__nontarget_diff_n_target": 500000,
    "target_same__vs__nontarget_diff_n_nontarget": 500000,
    "target_same__vs__nontarget_same_eer": 2.3034,
    "target_same__vs__nontarget_same_mindcf": 0.235,
    "target_same__vs__nontarget_same_n_target": 500000,
    "target_same__vs__nontarget_same_n_nontarget": 1500000,
    "overall_eer": 2.7412,
    "overall_mindcf": 0.2531
  },
  "task2": {
    "target_diff__vs__nontarget_diff_eer": 1.7129,
    "target_diff__vs__nontarget_diff_mindcf": 0.2092,
    "target_diff__vs__nontarget_diff_n_target": 490000,
    "target_diff__vs__nontarget_diff_n_nontarget": 150000,
    "target_diff__vs__nontarget_same_eer": 3.3214,
    "target_diff__vs__nontarget_same_mindcf": 0.3165,
    "target_diff__vs__nontarget_same_n_target": 490000,
    "target_diff__vs__nontarget_same_n_nontarget": 490000,
    "target_same__vs__nontarget_diff_eer": 1.3162,
    "target_same__vs__nontarget_diff_mindcf": 0.1315,
    "target_same__vs__nontarget_diff_n_target": 150000,
    "target_same__vs__nontarget_diff_n_nontarget": 150000,
    "target_same__vs__nontarget_same_eer": 2.4587,
    "target_same__vs__nontarget_same_mindcf": 0.1968,
    "target_same__vs__nontarget_same_n_target": 150000,
    "target_same__vs__nontarget_same_n_nontarget": 490000,
    "overall_eer": 2.8609,
    "overall_mindcf": 0.2805
  }
}