Subcategory,Task1 Pairs,Task2 Pairs
"Target, Same Language",500000,150000
"Target, Different Languages",1500000,490000
"Nontarget, Same Language",1500000,490000
"Nontarget, Different Languages",500000,150000

Condition,Task1 EER(%),Task1 minDCF,Task2 EER(%),Task2 minDCF
Target: Diff Lang vs Non-target: Diff Lang,1.72,0.1266,1.71,0.2092
Target: Diff Lang vs Non-target: Same Lang,3.22,0.2830,3.32,0.3165
Target: Same Lang vs Non-target: Diff Lang,1.16,0.0951,1.32,0.1315
Target: Same Lang vs Non-target: Same Lang,2.30,0.2350,2.46,0.1968
Overall (All Targets vs All Non-targets),2.74,0.2531,2.86,0.2805
