Subcategory,Task1 Pairs,Task2 Pairs
"Target, Same Language",500000,150000
"Target, Different Languages",1500000,490000
"Nontarget, Same Language",1500000,490000
"Nontarget, Different Languages",500000,150000

Condition,Task1 EER(%),Task1 minDCF,Task2 EER(%),Task2 minDCF
Target: Diff Lang vs Non-target: Diff Lang,6.41,0.4396,6.25,0.3732
Target: Diff Lang vs Non-target: Same Lang,6.81,0.5065,5.85,0.4359
Target: Same Lang vs Non-target: Diff Lang,6.11,0.4686,7.67,0.4656
Target: Same Lang vs Non-target: Same Lang,6.54,0.5402,7.12,0.5274
Overall (All Targets vs All Non-targets),6.64,0.5015,6.30,0.4446
