{
  "task1": {
    "target_diff__vs__nontarget_diff_eer": 6.409,
    "target_diff__vs__nontarget_diff_mindcf": 0.4396,
    "target_diff__vs__nontarget_diff_n_target": 1500000,
    "target_diff__vs__nontarget_diff_n_nontarget": 500000,
    "target_diff__vs__nontarget_same_eer": 6.8145,
    "target_diff__vs__nontarget_same_mindcf": 0.5065,
    "target_diff__vs__nontarget_same_n_target": 1500000,
    "target_diff__vs__nontarget_same_n_nontarget": 1500000,
    "target_same__vs__nontarget_diff_eer": 6.1062,
    "target_same__vs__nontarget_diff_mindcf": 0.4686,
    "target_same__vs__nontarget_diff_n_target": 500000,
    "target_same__vs__nontarget_diff_n_nontarget": 500000,
    "target_same__vs__nontarget_same_eer": 6.5371,
    "target_same__vs__nontarget_same_mindcf": 0.5402,
    "target_same__vs__nontarget_same_n_target": 500000,
    "target_same__vs__nontarget_same_n_nontarget": 1500000,
    "overall_eer": 6.6384,
    "overall_mindcf": 0.5015
  },
  "task2": {
    "target_diff__vs__nontarget_diff_eer": 6.2512,
    "target_diff__vs__nontarget_diff_mindcf": 0.3732,
    "target_diff__vs__nontarget_diff_n_target": 490000,
    "target_diff__vs__nontarget_diff_n_nontarget": 150000,
    "target_diff__vs__nontarget_same_eer": 5.8492,
    "target_diff__vs__nontarget_same_mindcf": 0.4359,
    "target_diff__vs__nontarget_same_n_target": 490000,
    "target_diff__vs__nontarget_same_n_nontarget": 490000,
    "target_same__vs__nontarget_diff_eer": 7.665,
    "target_same__vs__nontarget_diff_mindcf": 0.4656,
    "target_same__vs__nontarget_diff_n_target": 150000,
    "target_same__vs__nontarget_diff_n_nontarget": 150000,
    "target_same__vs__nontarget_same_eer": 7.1181,
    "target_same__vs__nontarget_same_mindcf": 0.5274,
    "target_same__vs__nontarget_same_n_target": 150000,
    "target_same__vs__nontarget_same_n_nontarget": 490000,
    "overall_eer": 6.2952,
    "overall_mindcf": 0.4446
  }
}