{
  "task1": {
    "target_diff__vs__nontarget_diff_eer": 3.2443,
    "target_diff__vs__nontarget_diff_mindcf": 0.251,
    "target_diff__vs__nontarget_diff_n_target": 1500000,
    "target_diff__vs__nontarget_diff_n_nontarget": 500000,
    "target_diff__vs__nontarget_same_eer": 4.0046,
    "target_diff__vs__nontarget_same_mindcf": 0.2885,
    "target_diff__vs__nontarget_same_n_target": 1500000,
    "target_diff__vs__nontarget_same_n_nontarget": 1500000,
    "target_same__vs__nontarget_diff_eer": 2.7944,
    "target_same__vs__nontarget_diff_mindcf": 0.2377,
    "target_same__vs__nontarget_diff_n_target": 500000,
    "target_same__vs__nontarget_diff_n_nontarget": 500000,
    "target_same__vs__nontarget_same_eer": 3.477,
    "target_same__vs__nontarget_same_mindcf": 0.2774,
    "target_same__vs__nontarget_same_n_target": 500000,
    "target_same__vs__nontarget_same_n_nontarget": 1500000,
    "overall_eer": 3.7038,
    "overall_mindcf": 0.2783
  },
  "task2": {
    "target_diff__vs__nontarget_diff_eer": 4.5941,
    "target_diff__vs__nontarget_diff_mindcf": 0.3594,
    "target_diff__vs__nontarget_diff_n_target": 490000,
    "target_diff__vs__nontarget_diff_n_nontarget": 150000,
    "target_diff__vs__nontarget_same_eer": 7.0075,
    "target_diff__vs__nontarget_same_mindcf": 0.3296,
    "target_diff__vs__nontarget_same_n_target": 490000,
    "target_diff__vs__nontarget_same_n_nontarget": 490000,
    "target_same__vs__nontarget_diff_eer": 4.1393,
    "target_same__vs__nontarget_diff_mindcf": 0.3234,
    "target_same__vs__nontarget_diff_n_target": 150000,
    "target_same__vs__nontarget_diff_n_nontarget": 150000,
    "target_same__vs__nontarget_same_eer": 6.1753,
    "target_same__vs__nontarget_same_mindcf": 0.2931,
    "target_same__vs__nontarget_same_n_target": 150000,
    "target_same__vs__nontarget_same_n_nontarget": 490000,
    "overall_eer": 6.4052,
    "overall_mindcf": 0.3288
  }
}