Subcategory,Task1 Pairs,Task2 Pairs
"Target, Same Language",500000,150000
"Target, Different Languages",1500000,490000
"Nontarget, Same Language",1500000,490000
"Nontarget, Different Languages",500000,150000

Condition,Task1 EER(%),Task1 minDCF,Task2 EER(%),Task2 minDCF
Target: Diff Lang vs Non-target: Diff Lang,3.24,0.2510,4.59,0.3594
Target: Diff Lang vs Non-target: Same Lang,4.00,0.2885,7.01,0.3296
Target: Same Lang vs Non-target: Diff Lang,2.79,0.2377,4.14,0.3234
Target: Same Lang vs Non-target: Same Lang,3.48,0.2774,6.18,0.2931
Overall (All Targets vs All Non-targets),3.70,0.2783,6.41,0.3288
