{
  "task1": {
    "target_diff__vs__nontarget_diff_eer": 10.099,
    "target_diff__vs__nontarget_diff_mindcf": 0.5929,
    "target_diff__vs__nontarget_diff_n_target": 1500000,
    "target_diff__vs__nontarget_diff_n_nontarget": 500000,
    "target_diff__vs__nontarget_same_eer": 10.7028,
    "target_diff__vs__nontarget_same_mindcf": 0.7621,
    "target_diff__vs__nontarget_same_n_target": 1500000,
    "target_diff__vs__nontarget_same_n_nontarget": 1500000,
    "target_same__vs__nontarget_diff_eer": 10.044,
    "target_same__vs__nontarget_diff_mindcf": 0.5996,
    "target_same__vs__nontarget_diff_n_target": 500000,
    "target_same__vs__nontarget_diff_n_nontarget": 500000,
    "target_same__vs__nontarget_same_eer": 10.644,
    "target_same__vs__nontarget_same_mindcf": 0.7664,
    "target_same__vs__nontarget_same_n_target": 500000,
    "target_same__vs__nontarget_same_n_nontarget": 1500000,
    "overall_eer": 10.54,
    "overall_mindcf": 0.7281
  },
  "task2": {
    "target_diff__vs__nontarget_diff_eer": 8.9875,
    "target_diff__vs__nontarget_diff_mindcf": 0.6072,
    "target_diff__vs__nontarget_diff_n_target": 490000,
    "target_diff__vs__nontarget_diff_n_nontarget": 150000,
    "target_diff__vs__nontarget_same_eer": 11.3982,
    "target_diff__vs__nontarget_same_mindcf": 0.7352,
    "target_diff__vs__nontarget_same_n_target": 490000,
    "target_diff__vs__nontarget_same_n_nontarget": 490000,
    "target_same__vs__nontarget_diff_eer": 10.522,
    "target_same__vs__nontarget_diff_mindcf": 0.5555,
    "target_same__vs__nontarget_diff_n_target": 150000,
    "target_same__vs__nontarget_diff_n_nontarget": 150000,
    "target_same__vs__nontarget_same_eer": 12.7572,
    "target_same__vs__nontarget_same_mindcf": 0.7,
    "target_same__vs__nontarget_same_n_target": 150000,
    "target_same__vs__nontarget_same_n_nontarget": 490000,
    "overall_eer": 11.1799,
    "overall_mindcf": 0.7097
  }
}