Subcategory,Task1 Pairs,Task2 Pairs
"Target, Same Language",500000,150000
"Target, Different Languages",1500000,490000
"Nontarget, Same Language",1500000,490000
"Nontarget, Different Languages",500000,150000

Condition,Task1 EER(%),Task1 minDCF,Task2 EER(%),Task2 minDCF
Target: Diff Lang vs Non-target: Diff Lang,10.10,0.5929,8.99,0.6072
Target: Diff Lang vs Non-target: Same Lang,10.70,0.7621,11.40,0.7352
Target: Same Lang vs Non-target: Diff Lang,10.04,0.5996,10.52,0.5555
Target: Same Lang vs Non-target: Same Lang,10.64,0.7664,12.76,0.7000
Overall (All Targets vs All Non-targets),10.54,0.7281,11.18,0.7097
