Subcategory,Task1 Pairs,Task2 Pairs
"Target, Same Language",500000,150000
"Target, Different Languages",1500000,490000
"Nontarget, Same Language",1500000,490000
"Nontarget, Different Languages",500000,150000

Condition,Task1 EER(%),Task1 minDCF,Task2 EER(%),Task2 minDCF
Target: Diff Lang vs Non-target: Diff Lang,4.02,0.2461,4.88,0.3649
Target: Diff Lang vs Non-target: Same Lang,5.54,0.3831,11.74,0.4732
Target: Same Lang vs Non-target: Diff Lang,3.54,0.2330,4.64,0.2379
Target: Same Lang vs Non-target: Same Lang,5.06,0.3652,8.90,0.3676
Overall (All Targets vs All Non-targets),5.07,0.3634,9.89,0.4395
