{
  "task1": {
    "target_diff__vs__nontarget_diff_eer": 4.0221,
    "target_diff__vs__nontarget_diff_mindcf": 0.2461,
    "target_diff__vs__nontarget_diff_n_target": 1500000,
    "target_diff__vs__nontarget_diff_n_nontarget": 500000,
    "target_diff__vs__nontarget_same_eer": 5.5441,
    "target_diff__vs__nontarget_same_mindcf": 0.3831,
    "target_diff__vs__nontarget_same_n_target": 1500000,
    "target_diff__vs__nontarget_same_n_nontarget": 1500000,
    "target_same__vs__nontarget_diff_eer": 3.5414,
    "target_same__vs__nontarget_diff_mindcf": 0.233,
    "target_same__vs__nontarget_diff_n_target": 500000,
    "target_same__vs__nontarget_diff_n_nontarget": 500000,
    "target_same__vs__nontarget_same_eer": 5.0608,
    "target_same__vs__nontarget_same_mindcf": 0.3652,
    "target_same__vs__nontarget_same_n_target": 500000,
    "target_same__vs__nontarget_same_n_nontarget": 1500000,
    "overall_eer": 5.074,
    "overall_mindcf": 0.3634
  },
  "task2": {
    "target_diff__vs__nontarget_diff_eer": 4.8788,
    "target_diff__vs__nontarget_diff_mindcf": 0.3649,
    "target_diff__vs__nontarget_diff_n_target": 490000,
    "target_diff__vs__nontarget_diff_n_nontarget": 150000,
    "target_diff__vs__nontarget_same_eer": 11.7436,
    "target_diff__vs__nontarget_same_mindcf": 0.4732,
    "target_diff__vs__nontarget_same_n_target": 490000,
    "target_diff__vs__nontarget_same_n_nontarget": 490000,
    "target_same__vs__nontarget_diff_eer": 4.642,
    "target_same__vs__nontarget_diff_mindcf": 0.2379,
    "target_same__vs__nontarget_diff_n_target": 150000,
    "target_same__vs__nontarget_diff_n_nontarget": 150000,
    "target_same__vs__nontarget_same_eer": 8.9033,
    "target_same__vs__nontarget_same_mindcf": 0.3676,
    "target_same__vs__nontarget_same_n_target": 150000,
    "target_same__vs__nontarget_same_n_nontarget": 490000,
    "overall_eer": 9.8934,
    "overall_mindcf": 0.4395
  }
}